"long","lat","order","hole","piece","group","id"
-67.207937,18.44228,1,FALSE,"1","1.1",1
-67.208439,18.443346,2,FALSE,"1","1.1",1
-67.208829,18.443921,3,FALSE,"1","1.1",1
-67.208921,18.444096,4,FALSE,"1","1.1",1
-67.209518,18.445235,5,FALSE,"1","1.1",1
-67.209893,18.445796,6,FALSE,"1","1.1",1
-67.210898,18.44751,7,FALSE,"1","1.1",1
-67.211958,18.449513,8,FALSE,"1","1.1",1
-67.212907,18.451261,9,FALSE,"1","1.1",1
-67.214285,18.454339,10,FALSE,"1","1.1",1
-67.215084,18.45644,11,FALSE,"1","1.1",1
-67.215538,18.457581,12,FALSE,"1","1.1",1
-67.216474,18.459863,13,FALSE,"1","1.1",1
-67.217131,18.461412,14,FALSE,"1","1.1",1
-67.217765,18.463293,15,FALSE,"1","1.1",1
-67.218162,18.464934,16,FALSE,"1","1.1",1
-67.218791,18.466983,17,FALSE,"1","1.1",1
-67.219458,18.469228,18,FALSE,"1","1.1",1
-67.219815,18.47045,19,FALSE,"1","1.1",1
-67.220345,18.472534,20,FALSE,"1","1.1",1
-67.220681,18.473646,21,FALSE,"1","1.1",1
-67.220819,18.4741,22,FALSE,"1","1.1",1
-67.221202,18.475609,23,FALSE,"1","1.1",1
-67.221342,18.476157,24,FALSE,"1","1.1",1
-67.221705,18.478089,25,FALSE,"1","1.1",1
-67.221724,18.47819,26,FALSE,"1","1.1",1
-67.221895,18.47982,27,FALSE,"1","1.1",1
-67.221995,18.480379,28,FALSE,"1","1.1",1
-67.222466,18.482727,29,FALSE,"1","1.1",1
-67.22256,18.484918,30,FALSE,"1","1.1",1
-67.222495,18.486848,31,FALSE,"1","1.1",1
-67.222616,18.487933,32,FALSE,"1","1.1",1
-67.22272,18.489819,33,FALSE,"1","1.1",1
-67.222363,18.494061,34,FALSE,"1","1.1",1
-67.221867,18.496475,35,FALSE,"1","1.1",1
-67.221626,18.497996,36,FALSE,"1","1.1",1
-67.221168,18.497996,37,FALSE,"1","1.1",1
-67.216833,18.497996,38,FALSE,"1","1.1",1
-67.216494,18.497996,39,FALSE,"1","1.1",1
-67.214033,18.503635,40,FALSE,"1","1.1",1
-67.209817,18.51104,41,FALSE,"1","1.1",1
-67.205744,18.517128,42,FALSE,"1","1.1",1
-67.200025,18.523276,43,FALSE,"1","1.1",1
-67.19515,18.527741,44,FALSE,"1","1.1",1
-67.192074,18.530199,45,FALSE,"1","1.1",1
-67.19045,18.531498,46,FALSE,"1","1.1",1
-67.188558,18.532434,47,FALSE,"1","1.1",1
-67.184418,18.536396,48,FALSE,"1","1.1",1
-67.179893,18.540019,49,FALSE,"1","1.1",1
-67.175508,18.54371,50,FALSE,"1","1.1",1
-67.1686,18.548467,51,FALSE,"1","1.1",1
-67.160467,18.552543,52,FALSE,"1","1.1",1
-67.151812,18.555166,53,FALSE,"1","1.1",1
-67.14664,18.556488,54,FALSE,"1","1.1",1
-67.14547,18.556787,55,FALSE,"1","1.1",1
-67.139162,18.558949,56,FALSE,"1","1.1",1
-67.130718,18.560761,57,FALSE,"1","1.1",1
-67.127535,18.561291,58,FALSE,"1","1.1",1
-67.124625,18.561776,59,FALSE,"1","1.1",1
-67.121263,18.562961,60,FALSE,"1","1.1",1
-67.116892,18.564104,61,FALSE,"1","1.1",1
-67.112465,18.564844,62,FALSE,"1","1.1",1
-67.112238,18.564882,63,FALSE,"1","1.1",1
-67.107822,18.565937,64,FALSE,"1","1.1",1
-67.104965,18.56656,65,FALSE,"1","1.1",1
-67.104836,18.566588,66,FALSE,"1","1.1",1
-67.101807,18.566921,67,FALSE,"1","1.1",1
-67.096734,18.567251,68,FALSE,"1","1.1",1
-67.092614,18.567792,69,FALSE,"1","1.1",1
-67.088265,18.568002,70,FALSE,"1","1.1",1
-67.084582,18.567775,71,FALSE,"1","1.1",1
-67.079097,18.567624,72,FALSE,"1","1.1",1
-67.073715,18.56735,73,FALSE,"1","1.1",1
-67.069761,18.567277,74,FALSE,"1","1.1",1
-67.064017,18.566579,75,FALSE,"1","1.1",1
-67.059355,18.566324,76,FALSE,"1","1.1",1
-67.052646,18.565643,77,FALSE,"1","1.1",1
-67.045947,18.56536,78,FALSE,"1","1.1",1
-67.036446,18.564543,79,FALSE,"1","1.1",1
-67.025771,18.563506,80,FALSE,"1","1.1",1
-67.023604,18.563291,81,FALSE,"1","1.1",1
-67.017094,18.562645,82,FALSE,"1","1.1",1
-67.011325,18.561447,83,FALSE,"1","1.1",1
-67.005026,18.560097,84,FALSE,"1","1.1",1
-67.000564,18.558692,85,FALSE,"1","1.1",1
-66.999623,18.558436,86,FALSE,"1","1.1",1
-66.999623,18.558346,87,FALSE,"1","1.1",1
-66.999623,18.556196,88,FALSE,"1","1.1",1
-66.9985,18.555836,89,FALSE,"1","1.1",1
-66.995515,18.55488,90,FALSE,"1","1.1",1
-66.991122,18.552958,91,FALSE,"1","1.1",1
-66.984494,18.550011,92,FALSE,"1","1.1",1
-66.98137,18.548332,93,FALSE,"1","1.1",1
-66.980165,18.547684,94,FALSE,"1","1.1",1
-66.975098,18.546066,95,FALSE,"1","1.1",1
-66.975038,18.546048,96,FALSE,"1","1.1",1
-66.97071,18.543822,97,FALSE,"1","1.1",1
-66.968656,18.542992,98,FALSE,"1","1.1",1
-66.963443,18.542368,99,FALSE,"1","1.1",1
-66.961074,18.542044,100,FALSE,"1","1.1",1
-66.957947,18.541616,101,FALSE,"1","1.1",1
-66.953963,18.54093,102,FALSE,"1","1.1",1
-66.951486,18.540009,103,FALSE,"1","1.1",1
-66.948014,18.54039,104,FALSE,"1","1.1",1
-66.945938,18.540419,105,FALSE,"1","1.1",1
-66.943762,18.540451,106,FALSE,"1","1.1",1
-66.937674,18.540048,107,FALSE,"1","1.1",1
-66.931785,18.538933,108,FALSE,"1","1.1",1
-66.926772,18.537697,109,FALSE,"1","1.1",1
-66.924527,18.537103,110,FALSE,"1","1.1",1
-66.921015,18.536176,111,FALSE,"1","1.1",1
-66.91833,18.53536,112,FALSE,"1","1.1",1
-66.913255,18.53453,113,FALSE,"1","1.1",1
-66.908102,18.533297,114,FALSE,"1","1.1",1
-66.903909,18.534736,115,FALSE,"1","1.1",1
-66.902086,18.535238,116,FALSE,"1","1.1",1
-66.902107,18.538416,117,FALSE,"1","1.1",1
-66.901045,18.538741,118,FALSE,"1","1.1",1
-66.895573,18.539734,119,FALSE,"1","1.1",1
-66.883874,18.541664,120,FALSE,"1","1.1",1
-66.874482,18.542239,121,FALSE,"1","1.1",1
-66.874283,18.542249,122,FALSE,"1","1.1",1
-66.872494,18.542334,123,FALSE,"1","1.1",1
-66.870242,18.542442,124,FALSE,"1","1.1",1
-66.865065,18.542609,125,FALSE,"1","1.1",1
-66.861931,18.542388,126,FALSE,"1","1.1",1
-66.857422,18.542358,127,FALSE,"1","1.1",1
-66.854217,18.542439,128,FALSE,"1","1.1",1
-66.851175,18.542517,129,FALSE,"1","1.1",1
-66.847301,18.542061,130,FALSE,"1","1.1",1
-66.843933,18.541664,131,FALSE,"1","1.1",1
-66.836693,18.540206,132,FALSE,"1","1.1",1
-66.831346,18.541783,133,FALSE,"1","1.1",1
-66.822959,18.543104,134,FALSE,"1","1.1",1
-66.817153,18.543489,135,FALSE,"1","1.1",1
-66.814223,18.543683,136,FALSE,"1","1.1",1
-66.809864,18.543727,137,FALSE,"1","1.1",1
-66.804219,18.543784,138,FALSE,"1","1.1",1
-66.795171,18.54332,139,FALSE,"1","1.1",1
-66.786019,18.542384,140,FALSE,"1","1.1",1
-66.777719,18.541219,141,FALSE,"1","1.1",1
-66.770444,18.540028,142,FALSE,"1","1.1",1
-66.764692,18.53833,143,FALSE,"1","1.1",1
-66.763457,18.537965,144,FALSE,"1","1.1",1
-66.755945,18.535159,145,FALSE,"1","1.1",1
-66.751819,18.533318,146,FALSE,"1","1.1",1
-66.749619,18.532061,147,FALSE,"1","1.1",1
-66.745377,18.529453,148,FALSE,"1","1.1",1
-66.740888,18.528424,149,FALSE,"1","1.1",1
-66.734606,18.526012,150,FALSE,"1","1.1",1
-66.731346,18.527137,151,FALSE,"1","1.1",1
-66.730948,18.527232,152,FALSE,"1","1.1",1
-66.72568,18.528485,153,FALSE,"1","1.1",1
-66.725488,18.528493,154,FALSE,"1","1.1",1
-66.720904,18.528697,155,FALSE,"1","1.1",1
-66.715802,18.53035,156,FALSE,"1","1.1",1
-66.710773,18.531466,157,FALSE,"1","1.1",1
-66.705426,18.532614,158,FALSE,"1","1.1",1
-66.703438,18.53398,159,FALSE,"1","1.1",1
-66.699501,18.535737,160,FALSE,"1","1.1",1
-66.69394,18.537152,161,FALSE,"1","1.1",1
-66.687991,18.53833,162,FALSE,"1","1.1",1
-66.680206,18.539264,163,FALSE,"1","1.1",1
-66.672672,18.539225,164,FALSE,"1","1.1",1
-66.669312,18.539107,165,FALSE,"1","1.1",1
-66.665735,18.539994,166,FALSE,"1","1.1",1
-66.663082,18.539746,167,FALSE,"1","1.1",1
-66.660358,18.539799,168,FALSE,"1","1.1",1
-66.655857,18.541386,169,FALSE,"1","1.1",1
-66.648846,18.542691,170,FALSE,"1","1.1",1
-66.642332,18.543529,171,FALSE,"1","1.1",1
-66.634761,18.543992,172,FALSE,"1","1.1",1
-66.626024,18.544146,173,FALSE,"1","1.1",1
-66.624618,18.544105,174,FALSE,"1","1.1",1
-66.620341,18.543804,175,FALSE,"1","1.1",1
-66.614576,18.542932,176,FALSE,"1","1.1",1
-66.612308,18.543054,177,FALSE,"1","1.1",1
-66.607524,18.543837,178,FALSE,"1","1.1",1
-66.602216,18.543572,179,FALSE,"1","1.1",1
-66.596945,18.542904,180,FALSE,"1","1.1",1
-66.591783,18.54173,181,FALSE,"1","1.1",1
-66.587085,18.539953,182,FALSE,"1","1.1",1
-66.582511,18.541039,183,FALSE,"1","1.1",1
-66.578441,18.541431,184,FALSE,"1","1.1",1
-66.577552,18.541517,185,FALSE,"1","1.1",1
-66.573021,18.54129,186,FALSE,"1","1.1",1
-66.566441,18.540714,187,FALSE,"1","1.1",1
-66.562934,18.54093,188,FALSE,"1","1.1",1
-66.556601,18.540254,189,FALSE,"1","1.1",1
-66.548856,18.538964,190,FALSE,"1","1.1",1
-66.546206,18.538208,191,FALSE,"1","1.1",1
-66.540087,18.537332,192,FALSE,"1","1.1",1
-66.533125,18.535474,193,FALSE,"1","1.1",1
-66.532521,18.535478,194,FALSE,"1","1.1",1
-66.530576,18.535492,195,FALSE,"1","1.1",1
-66.524523,18.535356,196,FALSE,"1","1.1",1
-66.515152,18.533752,197,FALSE,"1","1.1",1
-66.507485,18.531586,198,FALSE,"1","1.1",1
-66.504337,18.530597,199,FALSE,"1","1.1",1
-66.499615,18.529114,200,FALSE,"1","1.1",1
-66.497135,18.528391,201,FALSE,"1","1.1",1
-66.495012,18.527467,202,FALSE,"1","1.1",1
-66.489654,18.527024,203,FALSE,"1","1.1",1
-66.488159,18.526684,204,FALSE,"1","1.1",1
-66.485684,18.526121,205,FALSE,"1","1.1",1
-66.481573,18.525148,206,FALSE,"1","1.1",1
-66.478561,18.52442,207,FALSE,"1","1.1",1
-66.47638,18.526321,208,FALSE,"1","1.1",1
-66.472164,18.529586,209,FALSE,"1","1.1",1
-66.468236,18.532382,210,FALSE,"1","1.1",1
-66.465197,18.533981,211,FALSE,"1","1.1",1
-66.463635,18.534802,212,FALSE,"1","1.1",1
-66.458042,18.537249,213,FALSE,"1","1.1",1
-66.455417,18.538131,214,FALSE,"1","1.1",1
-66.452951,18.53896,215,FALSE,"1","1.1",1
-66.448719,18.539566,216,FALSE,"1","1.1",1
-66.444312,18.540272,217,FALSE,"1","1.1",1
-66.440082,18.540745,218,FALSE,"1","1.1",1
-66.436752,18.540805,219,FALSE,"1","1.1",1
-66.436436,18.540811,220,FALSE,"1","1.1",1
-66.436212,18.540816,221,FALSE,"1","1.1",1
-66.432985,18.540219,222,FALSE,"1","1.1",1
-66.429777,18.541574,223,FALSE,"1","1.1",1
-66.426721,18.54192,224,FALSE,"1","1.1",1
-66.423699,18.542401,225,FALSE,"1","1.1",1
-66.419608,18.543278,226,FALSE,"1","1.1",1
-66.415983,18.54362,227,FALSE,"1","1.1",1
-66.413959,18.543643,228,FALSE,"1","1.1",1
-66.410692,18.543679,229,FALSE,"1","1.1",1
-66.399649,18.543761,230,FALSE,"1","1.1",1
-66.390494,18.54305,231,FALSE,"1","1.1",1
-66.383474,18.541851,232,FALSE,"1","1.1",1
-66.378642,18.5406,233,FALSE,"1","1.1",1
-66.378513,18.540567,234,FALSE,"1","1.1",1
-66.3767,18.540923,235,FALSE,"1","1.1",1
-66.374613,18.541041,236,FALSE,"1","1.1",1
-66.37144,18.540589,237,FALSE,"1","1.1",1
-66.366305,18.539905,238,FALSE,"1","1.1",1
-66.363133,18.540436,239,FALSE,"1","1.1",1
-66.359187,18.540999,240,FALSE,"1","1.1",1
-66.353517,18.541154,241,FALSE,"1","1.1",1
-66.350093,18.541014,242,FALSE,"1","1.1",1
-66.347393,18.540904,243,FALSE,"1","1.1",1
-66.346583,18.540895,244,FALSE,"1","1.1",1
-66.342994,18.540861,245,FALSE,"1","1.1",1
-66.338808,18.54038,246,FALSE,"1","1.1",1
-66.333083,18.538617,247,FALSE,"1","1.1",1
-66.327783,18.536417,248,FALSE,"1","1.1",1
-66.322449,18.534049,249,FALSE,"1","1.1",1
-66.318128,18.532793,250,FALSE,"1","1.1",1
-66.31325,18.530695,251,FALSE,"1","1.1",1
-66.310647,18.530453,252,FALSE,"1","1.1",1
-66.308313,18.529788,253,FALSE,"1","1.1",1
-66.304569,18.528723,254,FALSE,"1","1.1",1
-66.30246,18.52828,255,FALSE,"1","1.1",1
-66.300527,18.528283,256,FALSE,"1","1.1",1
-66.295913,18.528295,257,FALSE,"1","1.1",1
-66.289897,18.527943,258,FALSE,"1","1.1",1
-66.286204,18.527395,259,FALSE,"1","1.1",1
-66.283097,18.528631,260,FALSE,"1","1.1",1
-66.277497,18.529155,261,FALSE,"1","1.1",1
-66.271123,18.529709,262,FALSE,"1","1.1",1
-66.265525,18.529761,263,FALSE,"1","1.1",1
-66.260071,18.529443,264,FALSE,"1","1.1",1
-66.254344,18.528283,265,FALSE,"1","1.1",1
-66.251671,18.527905,266,FALSE,"1","1.1",1
-66.249998,18.527709,267,FALSE,"1","1.1",1
-66.249612,18.527664,268,FALSE,"1","1.1",1
-66.246277,18.526967,269,FALSE,"1","1.1",1
-66.242282,18.526068,270,FALSE,"1","1.1",1
-66.235533,18.523704,271,FALSE,"1","1.1",1
-66.231672,18.524118,272,FALSE,"1","1.1",1
-66.225479,18.523946,273,FALSE,"1","1.1",1
-66.218688,18.523063,274,FALSE,"1","1.1",1
-66.21211,18.521844,275,FALSE,"1","1.1",1
-66.2075,18.523465,276,FALSE,"1","1.1",1
-66.20144,18.525111,277,FALSE,"1","1.1",1
-66.19407,18.526512,278,FALSE,"1","1.1",1
-66.187271,18.526271,279,FALSE,"1","1.1",1
-66.187135,18.526267,280,FALSE,"1","1.1",1
-66.182818,18.526138,281,FALSE,"1","1.1",1
-66.177442,18.525431,282,FALSE,"1","1.1",1
-66.175461,18.525082,283,FALSE,"1","1.1",1
-66.170469,18.525521,284,FALSE,"1","1.1",1
-66.166011,18.525156,285,FALSE,"1","1.1",1
-66.162154,18.525131,286,FALSE,"1","1.1",1
-66.157163,18.5252,287,FALSE,"1","1.1",1
-66.149058,18.525181,288,FALSE,"1","1.1",1
-66.13869,18.524912,289,FALSE,"1","1.1",1
-66.129347,18.524513,290,FALSE,"1","1.1",1
-66.128986,18.524403,291,FALSE,"1","1.1",1
-66.12461,18.523065,292,FALSE,"1","1.1",1
-66.120665,18.521965,293,FALSE,"1","1.1",1
-66.11975,18.521352,294,FALSE,"1","1.1",1
-66.115684,18.521592,295,FALSE,"1","1.1",1
-66.11251,18.520794,296,FALSE,"1","1.1",1
-66.109334,18.520131,297,FALSE,"1","1.1",1
-66.107645,18.519209,298,FALSE,"1","1.1",1
-66.104354,18.51969,299,FALSE,"1","1.1",1
-66.10015,18.519558,300,FALSE,"1","1.1",1
-66.0946,18.519617,301,FALSE,"1","1.1",1
-66.089685,18.519917,302,FALSE,"1","1.1",1
-66.084494,18.51944,303,FALSE,"1","1.1",1
-66.079905,18.518766,304,FALSE,"1","1.1",1
-66.07486,18.517617,305,FALSE,"1","1.1",1
-66.07104,18.517992,306,FALSE,"1","1.1",1
-66.067751,18.518236,307,FALSE,"1","1.1",1
-66.063122,18.518167,308,FALSE,"1","1.1",1
-66.056405,18.518318,309,FALSE,"1","1.1",1
-66.051424,18.518044,310,FALSE,"1","1.1",1
-66.045985,18.517665,311,FALSE,"1","1.1",1
-66.041117,18.516651,312,FALSE,"1","1.1",1
-66.03397,18.514269,313,FALSE,"1","1.1",1
-66.032306,18.513788,314,FALSE,"1","1.1",1
-66.028706,18.513221,315,FALSE,"1","1.1",1
-66.025853,18.512054,316,FALSE,"1","1.1",1
-66.021545,18.511717,317,FALSE,"1","1.1",1
-66.01891,18.511697,318,FALSE,"1","1.1",1
-66.018153,18.511691,319,FALSE,"1","1.1",1
-66.015563,18.512849,320,FALSE,"1","1.1",1
-66.012125,18.513865,321,FALSE,"1","1.1",1
-66.008371,18.514846,322,FALSE,"1","1.1",1
-66.004019,18.515451,323,FALSE,"1","1.1",1
-65.999609,18.515753,324,FALSE,"1","1.1",1
-65.997506,18.516166,325,FALSE,"1","1.1",1
-65.995292,18.516461,326,FALSE,"1","1.1",1
-65.993401,18.516598,327,FALSE,"1","1.1",1
-65.987674,18.515818,328,FALSE,"1","1.1",1
-65.983987,18.514594,329,FALSE,"1","1.1",1
-65.978763,18.513779,330,FALSE,"1","1.1",1
-65.97282,18.512329,331,FALSE,"1","1.1",1
-65.965449,18.510152,332,FALSE,"1","1.1",1
-65.959391,18.508196,333,FALSE,"1","1.1",1
-65.954466,18.506158,334,FALSE,"1","1.1",1
-65.950138,18.503739,335,FALSE,"1","1.1",1
-65.948137,18.502647,336,FALSE,"1","1.1",1
-65.93888,18.502219,337,FALSE,"1","1.1",1
-65.932587,18.501043,338,FALSE,"1","1.1",1
-65.930865,18.501843,339,FALSE,"1","1.1",1
-65.924159,18.50355,340,FALSE,"1","1.1",1
-65.916105,18.505172,341,FALSE,"1","1.1",1
-65.909378,18.505337,342,FALSE,"1","1.1",1
-65.907956,18.505373,343,FALSE,"1","1.1",1
-65.899406,18.504732,344,FALSE,"1","1.1",1
-65.890131,18.503286,345,FALSE,"1","1.1",1
-65.886773,18.502566,346,FALSE,"1","1.1",1
-65.881379,18.501157,347,FALSE,"1","1.1",1
-65.876994,18.49955,348,FALSE,"1","1.1",1
-65.874607,18.497999,349,FALSE,"1","1.1",1
-65.871564,18.496167,350,FALSE,"1","1.1",1
-65.866926,18.493375,351,FALSE,"1","1.1",1
-65.86421,18.491609,352,FALSE,"1","1.1",1
-65.859351,18.488448,353,FALSE,"1","1.1",1
-65.857719,18.487249,354,FALSE,"1","1.1",1
-65.854844,18.487669,355,FALSE,"1","1.1",1
-65.853773,18.487771,356,FALSE,"1","1.1",1
-65.850631,18.488069,357,FALSE,"1","1.1",1
-65.849318,18.487865,358,FALSE,"1","1.1",1
-65.847171,18.487531,359,FALSE,"1","1.1",1
-65.843512,18.487234,360,FALSE,"1","1.1",1
-65.839592,18.486882,361,FALSE,"1","1.1",1
-65.838667,18.486791,362,FALSE,"1","1.1",1
-65.836455,18.486575,363,FALSE,"1","1.1",1
-65.832697,18.486203,364,FALSE,"1","1.1",1
-65.83044,18.485719,365,FALSE,"1","1.1",1
-65.82543,18.484453,366,FALSE,"1","1.1",1
-65.819501,18.482844,367,FALSE,"1","1.1",1
-65.814094,18.480989,368,FALSE,"1","1.1",1
-65.809057,18.479338,369,FALSE,"1","1.1",1
-65.805313,18.478253,370,FALSE,"1","1.1",1
-65.800912,18.477601,371,FALSE,"1","1.1",1
-65.797546,18.477601,372,FALSE,"1","1.1",1
-65.792625,18.477551,373,FALSE,"1","1.1",1
-65.787837,18.477515,374,FALSE,"1","1.1",1
-65.784954,18.477369,375,FALSE,"1","1.1",1
-65.782728,18.477256,376,FALSE,"1","1.1",1
-65.777319,18.476604,377,FALSE,"1","1.1",1
-65.771842,18.475554,378,FALSE,"1","1.1",1
-65.766012,18.474799,379,FALSE,"1","1.1",1
-65.76133,18.473916,380,FALSE,"1","1.1",1
-65.757203,18.473204,381,FALSE,"1","1.1",1
-65.753579,18.472004,382,FALSE,"1","1.1",1
-65.751462,18.470841,383,FALSE,"1","1.1",1
-65.749607,18.46951,384,FALSE,"1","1.1",1
-65.749607,18.469451,385,FALSE,"1","1.1",1
-65.749607,18.464699,386,FALSE,"1","1.1",1
-65.74558,18.463706,387,FALSE,"1","1.1",1
-65.743306,18.463804,388,FALSE,"1","1.1",1
-65.73766,18.461548,389,FALSE,"1","1.1",1
-65.732701,18.459568,390,FALSE,"1","1.1",1
-65.723664,18.454449,391,FALSE,"1","1.1",1
-65.718922,18.450083,392,FALSE,"1","1.1",1
-65.715811,18.447221,393,FALSE,"1","1.1",1
-65.713825,18.444024,394,FALSE,"1","1.1",1
-65.713802,18.443984,395,FALSE,"1","1.1",1
-65.709813,18.438431,396,FALSE,"1","1.1",1
-65.706655,18.437404,397,FALSE,"1","1.1",1
-65.699101,18.434702,398,FALSE,"1","1.1",1
-65.692175,18.43115,399,FALSE,"1","1.1",1
-65.692105,18.431115,400,FALSE,"1","1.1",1
-65.691376,18.43074,401,FALSE,"1","1.1",1
-65.685714,18.426204,402,FALSE,"1","1.1",1
-65.681507,18.422214,403,FALSE,"1","1.1",1
-65.678612,18.418533,404,FALSE,"1","1.1",1
-65.673975,18.421927,405,FALSE,"1","1.1",1
-65.666349,18.426165,406,FALSE,"1","1.1",1
-65.662076,18.428131,407,FALSE,"1","1.1",1
-65.657915,18.428905,408,FALSE,"1","1.1",1
-65.656518,18.430978,409,FALSE,"1","1.1",1
-65.653189,18.435599,410,FALSE,"1","1.1",1
-65.647975,18.44059,411,FALSE,"1","1.1",1
-65.646083,18.44222,412,FALSE,"1","1.1",1
-65.640308,18.445679,413,FALSE,"1","1.1",1
-65.635142,18.448152,414,FALSE,"1","1.1",1
-65.630084,18.450081,415,FALSE,"1","1.1",1
-65.626099,18.451059,416,FALSE,"1","1.1",1
-65.624606,18.45126,417,FALSE,"1","1.1",1
-65.608281,18.448319,418,FALSE,"1","1.1",1
-65.58668,18.443333,419,FALSE,"1","1.1",1
-65.566292,18.435705,420,FALSE,"1","1.1",1
-65.548599,18.428653,421,FALSE,"1","1.1",1
-65.526932,18.419477,422,FALSE,"1","1.1",1
-65.508314,18.411164,423,FALSE,"1","1.1",1
-65.499605,18.407167,424,FALSE,"1","1.1",1
-65.492504,18.403685,425,FALSE,"1","1.1",1
-65.487014,18.402945,426,FALSE,"1","1.1",1
-65.48363,18.401952,427,FALSE,"1","1.1",1
-65.482564,18.401639,428,FALSE,"1","1.1",1
-65.479127,18.399255,429,FALSE,"1","1.1",1
-65.472104,18.398159,430,FALSE,"1","1.1",1
-65.469132,18.39641,431,FALSE,"1","1.1",1
-65.466924,18.39511,432,FALSE,"1","1.1",1
-65.463978,18.39348,433,FALSE,"1","1.1",1
-65.456003,18.394413,434,FALSE,"1","1.1",1
-65.444939,18.39385,435,FALSE,"1","1.1",1
-65.439982,18.393285,436,FALSE,"1","1.1",1
-65.43043,18.391683,437,FALSE,"1","1.1",1
-65.424431,18.39088,438,FALSE,"1","1.1",1
-65.424333,18.390867,439,FALSE,"1","1.1",1
-65.421412,18.396412,440,FALSE,"1","1.1",1
-65.418608,18.40121,441,FALSE,"1","1.1",1
-65.414154,18.406466,442,FALSE,"1","1.1",1
-65.408243,18.411262,443,FALSE,"1","1.1",1
-65.400586,18.415598,444,FALSE,"1","1.1",1
-65.392904,18.418946,445,FALSE,"1","1.1",1
-65.384592,18.421029,446,FALSE,"1","1.1",1
-65.376658,18.421483,447,FALSE,"1","1.1",1
-65.374602,18.421222,448,FALSE,"1","1.1",1
-65.36918,18.420643,449,FALSE,"1","1.1",1
-65.362566,18.419472,450,FALSE,"1","1.1",1
-65.356385,18.417488,451,FALSE,"1","1.1",1
-65.351623,18.415447,452,FALSE,"1","1.1",1
-65.345738,18.412343,453,FALSE,"1","1.1",1
-65.339608,18.408965,454,FALSE,"1","1.1",1
-65.334517,18.407974,455,FALSE,"1","1.1",1
-65.328798,18.405959,456,FALSE,"1","1.1",1
-65.322625,18.403295,457,FALSE,"1","1.1",1
-65.316218,18.399404,458,FALSE,"1","1.1",1
-65.311229,18.395489,459,FALSE,"1","1.1",1
-65.306641,18.390795,460,FALSE,"1","1.1",1
-65.305378,18.389677,461,FALSE,"1","1.1",1
-65.302921,18.387502,462,FALSE,"1","1.1",1
-65.286375,18.38734,463,FALSE,"1","1.1",1
-65.284999,18.387884,464,FALSE,"1","1.1",1
-65.282245,18.388974,465,FALSE,"1","1.1",1
-65.279283,18.389679,466,FALSE,"1","1.1",1
-65.275599,18.390555,467,FALSE,"1","1.1",1
-65.268254,18.391449,468,FALSE,"1","1.1",1
-65.260766,18.392342,469,FALSE,"1","1.1",1
-65.253362,18.395106,470,FALSE,"1","1.1",1
-65.249601,18.396368,471,FALSE,"1","1.1",1
-65.244203,18.397495,472,FALSE,"1","1.1",1
-65.235831,18.397733,473,FALSE,"1","1.1",1
-65.229466,18.397043,474,FALSE,"1","1.1",1
-65.220943,18.395272,475,FALSE,"1","1.1",1
-65.214602,18.392711,476,FALSE,"1","1.1",1
-65.208484,18.389371,477,FALSE,"1","1.1",1
-65.199848,18.382565,478,FALSE,"1","1.1",1
-65.195139,18.377677,479,FALSE,"1","1.1",1
-65.192387,18.37301,480,FALSE,"1","1.1",1
-65.190583,18.370371,481,FALSE,"1","1.1",1
-65.185619,18.364386,482,FALSE,"1","1.1",1
-65.182919,18.359724,483,FALSE,"1","1.1",1
-65.181762,18.357727,484,FALSE,"1","1.1",1
-65.179115,18.350668,485,FALSE,"1","1.1",1
-65.178521,18.34784,486,FALSE,"1","1.1",1
-65.174667,18.340468,487,FALSE,"1","1.1",1
-65.171631,18.33344,488,FALSE,"1","1.1",1
-65.17017,18.324415,489,FALSE,"1","1.1",1
-65.168503,18.313347,490,FALSE,"1","1.1",1
-65.168825,18.303516,491,FALSE,"1","1.1",1
-65.171673,18.294212,492,FALSE,"1","1.1",1
-65.175404,18.286683,493,FALSE,"1","1.1",1
-65.180435,18.279168,494,FALSE,"1","1.1",1
-65.184856,18.272045,495,FALSE,"1","1.1",1
-65.18776,18.266415,496,FALSE,"1","1.1",1
-65.191134,18.258884,497,FALSE,"1","1.1",1
-65.194927,18.253839,498,FALSE,"1","1.1",1
-65.199464,18.249036,499,FALSE,"1","1.1",1
-65.200643,18.248013,500,FALSE,"1","1.1",1
-65.201718,18.248013,501,FALSE,"1","1.1",1
-65.205432,18.244702,502,FALSE,"1","1.1",1
-65.211489,18.241282,503,FALSE,"1","1.1",1
-65.212152,18.241047,504,FALSE,"1","1.1",1
-65.219995,18.238272,505,FALSE,"1","1.1",1
-65.227575,18.23577,506,FALSE,"1","1.1",1
-65.235962,18.235133,507,FALSE,"1","1.1",1
-65.243029,18.235513,508,FALSE,"1","1.1",1
-65.249601,18.236881,509,FALSE,"1","1.1",1
-65.252926,18.238022,510,FALSE,"1","1.1",1
-65.25649,18.234793,511,FALSE,"1","1.1",1
-65.262986,18.231016,512,FALSE,"1","1.1",1
-65.273393,18.228201,513,FALSE,"1","1.1",1
-65.28668,18.22599,514,FALSE,"1","1.1",1
-65.297224,18.227402,515,FALSE,"1","1.1",1
-65.306653,18.23008,516,FALSE,"1","1.1",1
-65.315578,18.234491,517,FALSE,"1","1.1",1
-65.320958,18.238782,518,FALSE,"1","1.1",1
-65.325936,18.244601,519,FALSE,"1","1.1",1
-65.328839,18.244391,520,FALSE,"1","1.1",1
-65.333757,18.243984,521,FALSE,"1","1.1",1
-65.341215,18.245132,522,FALSE,"1","1.1",1
-65.344457,18.246336,523,FALSE,"1","1.1",1
-65.348975,18.248014,524,FALSE,"1","1.1",1
-65.35382,18.250312,525,FALSE,"1","1.1",1
-65.360399,18.253436,526,FALSE,"1","1.1",1
-65.366547,18.257582,527,FALSE,"1","1.1",1
-65.370569,18.261286,528,FALSE,"1","1.1",1
-65.370746,18.261449,529,FALSE,"1","1.1",1
-65.37442,18.264678,530,FALSE,"1","1.1",1
-65.374511,18.264758,531,FALSE,"1","1.1",1
-65.374602,18.264839,532,FALSE,"1","1.1",1
-65.378051,18.267274,533,FALSE,"1","1.1",1
-65.383714,18.268581,534,FALSE,"1","1.1",1
-65.395303,18.273233,535,FALSE,"1","1.1",1
-65.403909,18.276433,536,FALSE,"1","1.1",1
-65.413191,18.282898,537,FALSE,"1","1.1",1
-65.416574,18.287002,538,FALSE,"1","1.1",1
-65.416808,18.287144,539,FALSE,"1","1.1",1
-65.422706,18.290728,540,FALSE,"1","1.1",1
-65.423773,18.291377,541,FALSE,"1","1.1",1
-65.427711,18.290699,542,FALSE,"1","1.1",1
-65.437751,18.290345,543,FALSE,"1","1.1",1
-65.448946,18.292037,544,FALSE,"1","1.1",1
-65.46154,18.293299,545,FALSE,"1","1.1",1
-65.457724,18.283185,546,FALSE,"1","1.1",1
-65.456564,18.275163,547,FALSE,"1","1.1",1
-65.457036,18.26814,548,FALSE,"1","1.1",1
-65.458226,18.260614,549,FALSE,"1","1.1",1
-65.459913,18.25466,550,FALSE,"1","1.1",1
-65.460049,18.25418,551,FALSE,"1","1.1",1
-65.46326,18.248013,552,FALSE,"1","1.1",1
-65.465368,18.243677,553,FALSE,"1","1.1",1
-65.47443,18.233395,554,FALSE,"1","1.1",1
-65.481261,18.229273,555,FALSE,"1","1.1",1
-65.48938,18.225299,556,FALSE,"1","1.1",1
-65.499607,18.222155,557,FALSE,"1","1.1",1
-65.499606,18.224456,558,FALSE,"1","1.1",1
-65.511966,18.223034,559,FALSE,"1","1.1",1
-65.520352,18.219992,560,FALSE,"1","1.1",1
-65.53384,18.21836,561,FALSE,"1","1.1",1
-65.541735,18.210368,562,FALSE,"1","1.1",1
-65.544017,18.205205,563,FALSE,"1","1.1",1
-65.549029,18.197696,564,FALSE,"1","1.1",1
-65.55128,18.192512,565,FALSE,"1","1.1",1
-65.551822,18.191263,566,FALSE,"1","1.1",1
-65.554643,18.184767,567,FALSE,"1","1.1",1
-65.54799,18.189973,568,FALSE,"1","1.1",1
-65.53897,18.197033,569,FALSE,"1","1.1",1
-65.538912,18.197079,570,FALSE,"1","1.1",1
-65.535269,18.201295,571,FALSE,"1","1.1",1
-65.525334,18.207796,572,FALSE,"1","1.1",1
-65.524237,18.208514,573,FALSE,"1","1.1",1
-65.52368,18.208735,574,FALSE,"1","1.1",1
-65.510628,18.213909,575,FALSE,"1","1.1",1
-65.499606,18.215294,576,FALSE,"1","1.1",1
-65.491856,18.216417,577,FALSE,"1","1.1",1
-65.486486,18.218851,578,FALSE,"1","1.1",1
-65.479301,18.220261,579,FALSE,"1","1.1",1
-65.475341,18.221038,580,FALSE,"1","1.1",1
-65.464425,18.222214,581,FALSE,"1","1.1",1
-65.448758,18.219151,582,FALSE,"1","1.1",1
-65.442755,18.216313,583,FALSE,"1","1.1",1
-65.438101,18.214112,584,FALSE,"1","1.1",1
-65.431503,18.208672,585,FALSE,"1","1.1",1
-65.421851,18.209081,586,FALSE,"1","1.1",1
-65.406873,18.210989,587,FALSE,"1","1.1",1
-65.400707,18.211371,588,FALSE,"1","1.1",1
-65.394743,18.211742,589,FALSE,"1","1.1",1
-65.374602,18.209403,590,FALSE,"1","1.1",1
-65.367318,18.208583,591,FALSE,"1","1.1",1
-65.367243,18.208561,592,FALSE,"1","1.1",1
-65.356775,18.207354,593,FALSE,"1","1.1",1
-65.355988,18.207228,594,FALSE,"1","1.1",1
-65.347863,18.205923,595,FALSE,"1","1.1",1
-65.338972,18.203713,596,FALSE,"1","1.1",1
-65.331354,18.201146,597,FALSE,"1","1.1",1
-65.328785,18.19993,598,FALSE,"1","1.1",1
-65.320848,18.199769,599,FALSE,"1","1.1",1
-65.316334,18.198715,600,FALSE,"1","1.1",1
-65.309231,18.199761,601,FALSE,"1","1.1",1
-65.303096,18.199338,602,FALSE,"1","1.1",1
-65.296735,18.197936,603,FALSE,"1","1.1",1
-65.286967,18.198443,604,FALSE,"1","1.1",1
-65.278316,18.197918,605,FALSE,"1","1.1",1
-65.271986,18.196244,606,FALSE,"1","1.1",1
-65.264398,18.193302,607,FALSE,"1","1.1",1
-65.257827,18.189736,608,FALSE,"1","1.1",1
-65.254906,18.188244,609,FALSE,"1","1.1",1
-65.252793,18.187165,610,FALSE,"1","1.1",1
-65.249601,18.184771,611,FALSE,"1","1.1",1
-65.244992,18.180423,612,FALSE,"1","1.1",1
-65.242413,18.178046,613,FALSE,"1","1.1",1
-65.237174,18.17492,614,FALSE,"1","1.1",1
-65.232012,18.170845,615,FALSE,"1","1.1",1
-65.227245,18.165887,616,FALSE,"1","1.1",1
-65.222908,18.160386,617,FALSE,"1","1.1",1
-65.218691,18.152443,618,FALSE,"1","1.1",1
-65.216255,18.143552,619,FALSE,"1","1.1",1
-65.215089,18.136258,620,FALSE,"1","1.1",1
-65.215412,18.129236,621,FALSE,"1","1.1",1
-65.21619,18.123018,622,FALSE,"1","1.1",1
-65.2179,18.116416,623,FALSE,"1","1.1",1
-65.223247,18.105224,624,FALSE,"1","1.1",1
-65.229332,18.098577,625,FALSE,"1","1.1",1
-65.236267,18.092375,626,FALSE,"1","1.1",1
-65.24345,18.087881,627,FALSE,"1","1.1",1
-65.2496,18.084305,628,FALSE,"1","1.1",1
-65.255045,18.082427,629,FALSE,"1","1.1",1
-65.262753,18.081032,630,FALSE,"1","1.1",1
-65.266266,18.08064,631,FALSE,"1","1.1",1
-65.269335,18.080298,632,FALSE,"1","1.1",1
-65.272386,18.080396,633,FALSE,"1","1.1",1
-65.278259,18.077454,634,FALSE,"1","1.1",1
-65.286185,18.074382,635,FALSE,"1","1.1",1
-65.296069,18.071797,636,FALSE,"1","1.1",1
-65.304454,18.070732,637,FALSE,"1","1.1",1
-65.312225,18.071142,638,FALSE,"1","1.1",1
-65.318433,18.06717,639,FALSE,"1","1.1",1
-65.32464,18.06469,640,FALSE,"1","1.1",1
-65.324702,18.064665,641,FALSE,"1","1.1",1
-65.333912,18.062189,642,FALSE,"1","1.1",1
-65.34258,18.061119,643,FALSE,"1","1.1",1
-65.347325,18.061433,644,FALSE,"1","1.1",1
-65.348152,18.061488,645,FALSE,"1","1.1",1
-65.3505,18.062037,646,FALSE,"1","1.1",1
-65.355611,18.060297,647,FALSE,"1","1.1",1
-65.361534,18.058308,648,FALSE,"1","1.1",1
-65.369587,18.056597,649,FALSE,"1","1.1",1
-65.374601,18.055589,650,FALSE,"1","1.1",1
-65.377274,18.055473,651,FALSE,"1","1.1",1
-65.386585,18.055636,652,FALSE,"1","1.1",1
-65.390996,18.056389,653,FALSE,"1","1.1",1
-65.4016,18.048958,654,FALSE,"1","1.1",1
-65.411288,18.045298,655,FALSE,"1","1.1",1
-65.419208,18.043221,656,FALSE,"1","1.1",1
-65.425045,18.042875,657,FALSE,"1","1.1",1
-65.432231,18.039017,658,FALSE,"1","1.1",1
-65.440301,18.037174,659,FALSE,"1","1.1",1
-65.44637,18.036181,660,FALSE,"1","1.1",1
-65.447961,18.035921,661,FALSE,"1","1.1",1
-65.456021,18.035984,662,FALSE,"1","1.1",1
-65.461983,18.037334,663,FALSE,"1","1.1",1
-65.464006,18.037035,664,FALSE,"1","1.1",1
-65.470735,18.036762,665,FALSE,"1","1.1",1
-65.478226,18.036875,666,FALSE,"1","1.1",1
-65.478312,18.036891,667,FALSE,"1","1.1",1
-65.486656,18.038456,668,FALSE,"1","1.1",1
-65.49319,18.040945,669,FALSE,"1","1.1",1
-65.495864,18.042021,670,FALSE,"1","1.1",1
-65.497569,18.041867,671,FALSE,"1","1.1",1
-65.499602,18.040904,672,FALSE,"1","1.1",1
-65.502306,18.038016,673,FALSE,"1","1.1",1
-65.507709,18.035422,674,FALSE,"1","1.1",1
-65.514607,18.032483,675,FALSE,"1","1.1",1
-65.524328,18.029703,676,FALSE,"1","1.1",1
-65.532062,18.028385,677,FALSE,"1","1.1",1
-65.540195,18.027641,678,FALSE,"1","1.1",1
-65.549699,18.028449,679,FALSE,"1","1.1",1
-65.556212,18.030216,680,FALSE,"1","1.1",1
-65.563878,18.03296,681,FALSE,"1","1.1",1
-65.568786,18.034869,682,FALSE,"1","1.1",1
-65.574333,18.036335,683,FALSE,"1","1.1",1
-65.574799,18.036483,684,FALSE,"1","1.1",1
-65.581244,18.03854,685,FALSE,"1","1.1",1
-65.588623,18.041081,686,FALSE,"1","1.1",1
-65.594803,18.045081,687,FALSE,"1","1.1",1
-65.600448,18.049288,688,FALSE,"1","1.1",1
-65.605022,18.053398,689,FALSE,"1","1.1",1
-65.61053,18.058079,690,FALSE,"1","1.1",1
-65.615657,18.064047,691,FALSE,"1","1.1",1
-65.616147,18.064691,692,FALSE,"1","1.1",1
-65.62025,18.070085,693,FALSE,"1","1.1",1
-65.624604,18.077473,694,FALSE,"1","1.1",1
-65.627491,18.083413,695,FALSE,"1","1.1",1
-65.629329,18.089254,696,FALSE,"1","1.1",1
-65.630677,18.098668,697,FALSE,"1","1.1",1
-65.630717,18.107477,698,FALSE,"1","1.1",1
-65.631111,18.116523,699,FALSE,"1","1.1",1
-65.630973,18.123019,700,FALSE,"1","1.1",1
-65.63095,18.123019,701,FALSE,"1","1.1",1
-65.63039,18.128965,702,FALSE,"1","1.1",1
-65.62859,18.134076,703,FALSE,"1","1.1",1
-65.624605,18.142646,704,FALSE,"1","1.1",1
-65.624584,18.142691,705,FALSE,"1","1.1",1
-65.623627,18.144787,706,FALSE,"1","1.1",1
-65.620397,18.148865,707,FALSE,"1","1.1",1
-65.61805,18.15418,708,FALSE,"1","1.1",1
-65.618118,18.154156,709,FALSE,"1","1.1",1
-65.6202,18.152796,710,FALSE,"1","1.1",1
-65.621814,18.151587,711,FALSE,"1","1.1",1
-65.623322,18.150742,712,FALSE,"1","1.1",1
-65.624605,18.150328,713,FALSE,"1","1.1",1
-65.630702,18.146888,714,FALSE,"1","1.1",1
-65.632937,18.145627,715,FALSE,"1","1.1",1
-65.641271,18.140926,716,FALSE,"1","1.1",1
-65.647999,18.13713,717,FALSE,"1","1.1",1
-65.654728,18.133335,718,FALSE,"1","1.1",1
-65.657416,18.132037,719,FALSE,"1","1.1",1
-65.662431,18.129468,720,FALSE,"1","1.1",1
-65.662574,18.129395,721,FALSE,"1","1.1",1
-65.666529,18.127738,722,FALSE,"1","1.1",1
-65.670692,18.126933,723,FALSE,"1","1.1",1
-65.673973,18.126738,724,FALSE,"1","1.1",1
-65.677536,18.126066,725,FALSE,"1","1.1",1
-65.680957,18.125871,726,FALSE,"1","1.1",1
-65.684061,18.125947,727,FALSE,"1","1.1",1
-65.687023,18.126228,728,FALSE,"1","1.1",1
-65.68942,18.126404,729,FALSE,"1","1.1",1
-65.690483,18.124568,730,FALSE,"1","1.1",1
-65.691827,18.123018,731,FALSE,"1","1.1",1
-65.696016,18.119667,732,FALSE,"1","1.1",1
-65.699335,18.116113,733,FALSE,"1","1.1",1
-65.703922,18.112315,734,FALSE,"1","1.1",1
-65.709427,18.109361,735,FALSE,"1","1.1",1
-65.713874,18.107128,736,FALSE,"1","1.1",1
-65.716098,18.106266,737,FALSE,"1","1.1",1
-65.716622,18.102319,738,FALSE,"1","1.1",1
-65.718312,18.097141,739,FALSE,"1","1.1",1
-65.720811,18.090462,740,FALSE,"1","1.1",1
-65.721659,18.08885,741,FALSE,"1","1.1",1
-65.723665,18.085041,742,FALSE,"1","1.1",1
-65.726873,18.080433,743,FALSE,"1","1.1",1
-65.73188,18.075339,744,FALSE,"1","1.1",1
-65.73636,18.071949,745,FALSE,"1","1.1",1
-65.739112,18.070778,746,FALSE,"1","1.1",1
-65.740055,18.062544,747,FALSE,"1","1.1",1
-65.742238,18.057363,748,FALSE,"1","1.1",1
-65.744632,18.052861,749,FALSE,"1","1.1",1
-65.746219,18.050643,750,FALSE,"1","1.1",1
-65.74692,18.046559,751,FALSE,"1","1.1",1
-65.748572,18.040939,752,FALSE,"1","1.1",1
-65.749605,18.038788,753,FALSE,"1","1.1",1
-65.752089,18.03552,754,FALSE,"1","1.1",1
-65.756176,18.031523,755,FALSE,"1","1.1",1
-65.761071,18.027526,756,FALSE,"1","1.1",1
-65.765964,18.025033,757,FALSE,"1","1.1",1
-65.774174,18.021493,758,FALSE,"1","1.1",1
-65.782382,18.018998,759,FALSE,"1","1.1",1
-65.781507,18.014495,760,FALSE,"1","1.1",1
-65.781457,18.009488,761,FALSE,"1","1.1",1
-65.782213,18.002977,762,FALSE,"1","1.1",1
-65.78448,17.998024,763,FALSE,"1","1.1",1
-65.788613,17.989407,764,FALSE,"1","1.1",1
-65.794239,17.981663,765,FALSE,"1","1.1",1
-65.797639,17.976982,766,FALSE,"1","1.1",1
-65.805066,17.97121,767,FALSE,"1","1.1",1
-65.810982,17.967453,768,FALSE,"1","1.1",1
-65.815246,17.96591,769,FALSE,"1","1.1",1
-65.816449,17.965504,770,FALSE,"1","1.1",1
-65.822635,17.963423,771,FALSE,"1","1.1",1
-65.827848,17.9624,772,FALSE,"1","1.1",1
-65.83459,17.954385,773,FALSE,"1","1.1",1
-65.845873,17.94527,774,FALSE,"1","1.1",1
-65.852531,17.941486,775,FALSE,"1","1.1",1
-65.869237,17.938075,776,FALSE,"1","1.1",1
-65.870119,17.937895,777,FALSE,"1","1.1",1
-65.873299,17.937955,778,FALSE,"1","1.1",1
-65.874606,17.93798,779,FALSE,"1","1.1",1
-65.874612,17.937904,780,FALSE,"1","1.1",1
-65.877934,17.937634,781,FALSE,"1","1.1",1
-65.882307,17.935363,782,FALSE,"1","1.1",1
-65.888436,17.932573,783,FALSE,"1","1.1",1
-65.894346,17.930078,784,FALSE,"1","1.1",1
-65.899319,17.927986,785,FALSE,"1","1.1",1
-65.9049,17.926262,786,FALSE,"1","1.1",1
-65.910596,17.924775,787,FALSE,"1","1.1",1
-65.916461,17.923566,788,FALSE,"1","1.1",1
-65.921747,17.922607,789,FALSE,"1","1.1",1
-65.926379,17.921973,790,FALSE,"1","1.1",1
-65.929652,17.921756,791,FALSE,"1","1.1",1
-65.930349,17.92171,792,FALSE,"1","1.1",1
-65.933049,17.921605,793,FALSE,"1","1.1",1
-65.937005,17.921282,794,FALSE,"1","1.1",1
-65.940094,17.920863,795,FALSE,"1","1.1",1
-65.94461,17.920571,796,FALSE,"1","1.1",1
-65.949881,17.920663,797,FALSE,"1","1.1",1
-65.953883,17.920824,798,FALSE,"1","1.1",1
-65.958696,17.921161,799,FALSE,"1","1.1",1
-65.959708,17.921291,800,FALSE,"1","1.1",1
-65.963689,17.921801,801,FALSE,"1","1.1",1
-65.965524,17.922065,802,FALSE,"1","1.1",1
-65.967119,17.922295,803,FALSE,"1","1.1",1
-65.97071,17.922944,804,FALSE,"1","1.1",1
-65.972882,17.923245,805,FALSE,"1","1.1",1
-65.975496,17.919718,806,FALSE,"1","1.1",1
-65.976608,17.918529,807,FALSE,"1","1.1",1
-65.977581,17.917488,808,FALSE,"1","1.1",1
-65.97792,17.917124,809,FALSE,"1","1.1",1
-65.980418,17.914545,810,FALSE,"1","1.1",1
-65.980917,17.914029,811,FALSE,"1","1.1",1
-65.984521,17.911102,812,FALSE,"1","1.1",1
-65.987551,17.908923,813,FALSE,"1","1.1",1
-65.988228,17.908437,814,FALSE,"1","1.1",1
-65.991316,17.90599,815,FALSE,"1","1.1",1
-65.995052,17.90336,816,FALSE,"1","1.1",1
-65.999607,17.900098,817,FALSE,"1","1.1",1
-66.002807,17.898089,818,FALSE,"1","1.1",1
-66.008409,17.895951,819,FALSE,"1","1.1",1
-66.018891,17.894131,820,FALSE,"1","1.1",1
-66.024776,17.894536,821,FALSE,"1","1.1",1
-66.032777,17.895058,822,FALSE,"1","1.1",1
-66.041776,17.895773,823,FALSE,"1","1.1",1
-66.0498,17.897745,824,FALSE,"1","1.1",1
-66.056154,17.900282,825,FALSE,"1","1.1",1
-66.057959,17.901382,826,FALSE,"1","1.1",1
-66.06098,17.903224,827,FALSE,"1","1.1",1
-66.064503,17.904825,828,FALSE,"1","1.1",1
-66.06729,17.906092,829,FALSE,"1","1.1",1
-66.07294,17.908867,830,FALSE,"1","1.1",1
-66.076723,17.910671,831,FALSE,"1","1.1",1
-66.07743,17.909824,832,FALSE,"1","1.1",1
-66.083685,17.904773,833,FALSE,"1","1.1",1
-66.092645,17.897459,834,FALSE,"1","1.1",1
-66.094758,17.895884,835,FALSE,"1","1.1",1
-66.103688,17.889229,836,FALSE,"1","1.1",1
-66.11414,17.882628,837,FALSE,"1","1.1",1
-66.122305,17.879465,838,FALSE,"1","1.1",1
-66.124609,17.878773,839,FALSE,"1","1.1",1
-66.125738,17.878472,840,FALSE,"1","1.1",1
-66.131184,17.877977,841,FALSE,"1","1.1",1
-66.136641,17.877847,842,FALSE,"1","1.1",1
-66.142528,17.877846,843,FALSE,"1","1.1",1
-66.148497,17.877927,844,FALSE,"1","1.1",1
-66.151446,17.878214,845,FALSE,"1","1.1",1
-66.155233,17.878583,846,FALSE,"1","1.1",1
-66.161403,17.879139,847,FALSE,"1","1.1",1
-66.167175,17.879506,848,FALSE,"1","1.1",1
-66.172438,17.880315,849,FALSE,"1","1.1",1
-66.175304,17.880936,850,FALSE,"1","1.1",1
-66.179711,17.882565,851,FALSE,"1","1.1",1
-66.183878,17.87934,852,FALSE,"1","1.1",1
-66.187342,17.877036,853,FALSE,"1","1.1",1
-66.188342,17.876371,854,FALSE,"1","1.1",1
-66.193653,17.873041,855,FALSE,"1","1.1",1
-66.193771,17.873026,856,FALSE,"1","1.1",1
-66.212813,17.86471,857,FALSE,"1","1.1",1
-66.213273,17.864509,858,FALSE,"1","1.1",1
-66.220301,17.862889,859,FALSE,"1","1.1",1
-66.22092,17.862832,860,FALSE,"1","1.1",1
-66.227331,17.862241,861,FALSE,"1","1.1",1
-66.23596,17.862241,862,FALSE,"1","1.1",1
-66.243312,17.862565,863,FALSE,"1","1.1",1
-66.249611,17.863861,864,FALSE,"1","1.1",1
-66.249611,17.864053,865,FALSE,"1","1.1",1
-66.253473,17.864724,866,FALSE,"1","1.1",1
-66.257368,17.865593,867,FALSE,"1","1.1",1
-66.261968,17.867188,868,FALSE,"1","1.1",1
-66.266964,17.869543,869,FALSE,"1","1.1",1
-66.271777,17.871335,870,FALSE,"1","1.1",1
-66.274383,17.873025,871,FALSE,"1","1.1",1
-66.272644,17.873025,872,FALSE,"1","1.1",1
-66.282814,17.878378,873,FALSE,"1","1.1",1
-66.284413,17.878516,874,FALSE,"1","1.1",1
-66.28689,17.878943,875,FALSE,"1","1.1",1
-66.289247,17.879349,876,FALSE,"1","1.1",1
-66.292591,17.880027,877,FALSE,"1","1.1",1
-66.294337,17.880381,878,FALSE,"1","1.1",1
-66.299408,17.881439,879,FALSE,"1","1.1",1
-66.303093,17.882112,880,FALSE,"1","1.1",1
-66.304182,17.881462,881,FALSE,"1","1.1",1
-66.306132,17.880479,882,FALSE,"1","1.1",1
-66.310275,17.879315,883,FALSE,"1","1.1",1
-66.31648,17.878241,884,FALSE,"1","1.1",1
-66.323128,17.87767,885,FALSE,"1","1.1",1
-66.32322,17.877667,886,FALSE,"1","1.1",1
-66.331698,17.87747,887,FALSE,"1","1.1",1
-66.336462,17.877573,888,FALSE,"1","1.1",1
-66.33949,17.87753,889,FALSE,"1","1.1",1
-66.340356,17.877883,890,FALSE,"1","1.1",1
-66.341407,17.877483,891,FALSE,"1","1.1",1
-66.345038,17.876806,892,FALSE,"1","1.1",1
-66.347015,17.876574,893,FALSE,"1","1.1",1
-66.349798,17.876248,894,FALSE,"1","1.1",1
-66.354898,17.876058,895,FALSE,"1","1.1",1
-66.358509,17.876318,896,FALSE,"1","1.1",1
-66.358555,17.876286,897,FALSE,"1","1.1",1
-66.359775,17.875447,898,FALSE,"1","1.1",1
-66.362156,17.874434,899,FALSE,"1","1.1",1
-66.364761,17.873409,900,FALSE,"1","1.1",1
-66.366399,17.873025,901,FALSE,"1","1.1",1
-66.362647,17.873017,902,FALSE,"1","1.1",1
-66.36783,17.871087,903,FALSE,"1","1.1",1
-66.370206,17.870372,904,FALSE,"1","1.1",1
-66.372654,17.869954,905,FALSE,"1","1.1",1
-66.374613,17.870155,906,FALSE,"1","1.1",1
-66.376633,17.86984,907,FALSE,"1","1.1",1
-66.381018,17.869273,908,FALSE,"1","1.1",1
-66.388119,17.869217,909,FALSE,"1","1.1",1
-66.394153,17.869538,910,FALSE,"1","1.1",1
-66.399907,17.870593,911,FALSE,"1","1.1",1
-66.40577,17.871915,912,FALSE,"1","1.1",1
-66.408626,17.873026,913,FALSE,"1","1.1",1
-66.411109,17.873844,914,FALSE,"1","1.1",1
-66.412679,17.874521,915,FALSE,"1","1.1",1
-66.415246,17.875562,916,FALSE,"1","1.1",1
-66.417393,17.876677,917,FALSE,"1","1.1",1
-66.418504,17.877316,918,FALSE,"1","1.1",1
-66.419098,17.877657,919,FALSE,"1","1.1",1
-66.421113,17.879068,920,FALSE,"1","1.1",1
-66.422624,17.880634,921,FALSE,"1","1.1",1
-66.424443,17.881961,922,FALSE,"1","1.1",1
-66.424485,17.881992,923,FALSE,"1","1.1",1
-66.424575,17.881938,924,FALSE,"1","1.1",1
-66.437856,17.873028,925,FALSE,"1","1.1",1
-66.441666,17.871532,926,FALSE,"1","1.1",1
-66.44687,17.870656,927,FALSE,"1","1.1",1
-66.453213,17.869605,928,FALSE,"1","1.1",1
-66.457279,17.869406,929,FALSE,"1","1.1",1
-66.461742,17.86967,930,FALSE,"1","1.1",1
-66.463004,17.866992,931,FALSE,"1","1.1",1
-66.465406,17.86414,932,FALSE,"1","1.1",1
-66.466849,17.862744,933,FALSE,"1","1.1",1
-66.469369,17.860306,934,FALSE,"1","1.1",1
-66.473191,17.856674,935,FALSE,"1","1.1",1
-66.476344,17.854048,936,FALSE,"1","1.1",1
-66.479395,17.852022,937,FALSE,"1","1.1",1
-66.482735,17.850394,938,FALSE,"1","1.1",1
-66.485933,17.848834,939,FALSE,"1","1.1",1
-66.488952,17.847376,940,FALSE,"1","1.1",1
-66.494152,17.846166,941,FALSE,"1","1.1",1
-66.495318,17.844889,942,FALSE,"1","1.1",1
-66.496981,17.843341,943,FALSE,"1","1.1",1
-66.499613,17.841558,944,FALSE,"1","1.1",1
-66.504264,17.839042,945,FALSE,"1","1.1",1
-66.513313,17.835415,946,FALSE,"1","1.1",1
-66.52265,17.832822,947,FALSE,"1","1.1",1
-66.530936,17.831509,948,FALSE,"1","1.1",1
-66.538174,17.831676,949,FALSE,"1","1.1",1
-66.548561,17.833252,950,FALSE,"1","1.1",1
-66.556803,17.836252,951,FALSE,"1","1.1",1
-66.564204,17.840095,952,FALSE,"1","1.1",1
-66.571297,17.84548,953,FALSE,"1","1.1",1
-66.576595,17.85185,954,FALSE,"1","1.1",1
-66.580194,17.857033,955,FALSE,"1","1.1",1
-66.580867,17.858226,956,FALSE,"1","1.1",1
-66.583085,17.862155,957,FALSE,"1","1.1",1
-66.585313,17.86832,958,FALSE,"1","1.1",1
-66.586473,17.873027,959,FALSE,"1","1.1",1
-66.586798,17.874793,960,FALSE,"1","1.1",1
-66.586906,17.876437,961,FALSE,"1","1.1",1
-66.586798,17.878192,962,FALSE,"1","1.1",1
-66.586186,17.881481,963,FALSE,"1","1.1",1
-66.586197,17.881993,964,FALSE,"1","1.1",1
-66.586042,17.885195,965,FALSE,"1","1.1",1
-66.585736,17.888503,966,FALSE,"1","1.1",1
-66.585187,17.891041,967,FALSE,"1","1.1",1
-66.584023,17.89501,968,FALSE,"1","1.1",1
-66.583117,17.897342,969,FALSE,"1","1.1",1
-66.582246,17.89964,970,FALSE,"1","1.1",1
-66.581047,17.902192,971,FALSE,"1","1.1",1
-66.579576,17.904775,972,FALSE,"1","1.1",1
-66.57837,17.906781,973,FALSE,"1","1.1",1
-66.576772,17.909295,974,FALSE,"1","1.1",1
-66.575214,17.911344,975,FALSE,"1","1.1",1
-66.574067,17.91314,976,FALSE,"1","1.1",1
-66.576181,17.912337,977,FALSE,"1","1.1",1
-66.578608,17.911322,978,FALSE,"1","1.1",1
-66.58068,17.910465,979,FALSE,"1","1.1",1
-66.582623,17.909829,980,FALSE,"1","1.1",1
-66.585941,17.909145,981,FALSE,"1","1.1",1
-66.588662,17.908826,982,FALSE,"1","1.1",1
-66.591669,17.908719,983,FALSE,"1","1.1",1
-66.595847,17.90917,984,FALSE,"1","1.1",1
-66.599067,17.90957,985,FALSE,"1","1.1",1
-66.601988,17.910211,986,FALSE,"1","1.1",1
-66.604682,17.911046,987,FALSE,"1","1.1",1
-66.608878,17.912939,988,FALSE,"1","1.1",1
-66.610434,17.913634,989,FALSE,"1","1.1",1
-66.612072,17.914365,990,FALSE,"1","1.1",1
-66.614273,17.915309,991,FALSE,"1","1.1",1
-66.615419,17.914814,992,FALSE,"1","1.1",1
-66.617559,17.91428,993,FALSE,"1","1.1",1
-66.619224,17.913925,994,FALSE,"1","1.1",1
-66.621896,17.913592,995,FALSE,"1","1.1",1
-66.623467,17.913525,996,FALSE,"1","1.1",1
-66.624616,17.913535,997,FALSE,"1","1.1",1
-66.626613,17.913292,998,FALSE,"1","1.1",1
-66.629245,17.913023,999,FALSE,"1","1.1",1
-66.634147,17.912447,1000,FALSE,"1","1.1",1
-66.636639,17.912165,1001,FALSE,"1","1.1",1
-66.637699,17.912088,1002,FALSE,"1","1.1",1
-66.639962,17.911922,1003,FALSE,"1","1.1",1
-66.641673,17.911973,1004,FALSE,"1","1.1",1
-66.643024,17.910863,1005,FALSE,"1","1.1",1
-66.645373,17.908942,1006,FALSE,"1","1.1",1
-66.6491,17.906559,1007,FALSE,"1","1.1",1
-66.652737,17.904541,1008,FALSE,"1","1.1",1
-66.655882,17.902989,1009,FALSE,"1","1.1",1
-66.65935,17.901362,1010,FALSE,"1","1.1",1
-66.662741,17.899992,1011,FALSE,"1","1.1",1
-66.666765,17.898411,1012,FALSE,"1","1.1",1
-66.669236,17.897589,1013,FALSE,"1","1.1",1
-66.672186,17.896901,1014,FALSE,"1","1.1",1
-66.673946,17.896816,1015,FALSE,"1","1.1",1
-66.677065,17.896762,1016,FALSE,"1","1.1",1
-66.679664,17.89681,1017,FALSE,"1","1.1",1
-66.682066,17.897108,1018,FALSE,"1","1.1",1
-66.684229,17.897859,1019,FALSE,"1","1.1",1
-66.687168,17.898885,1020,FALSE,"1","1.1",1
-66.690467,17.899856,1021,FALSE,"1","1.1",1
-66.693327,17.900989,1022,FALSE,"1","1.1",1
-66.695182,17.901889,1023,FALSE,"1","1.1",1
-66.697289,17.902795,1024,FALSE,"1","1.1",1
-66.698995,17.903797,1025,FALSE,"1","1.1",1
-66.70066,17.904528,1026,FALSE,"1","1.1",1
-66.702788,17.90561,1027,FALSE,"1","1.1",1
-66.704446,17.906436,1028,FALSE,"1","1.1",1
-66.706096,17.907451,1029,FALSE,"1","1.1",1
-66.70769,17.908243,1030,FALSE,"1","1.1",1
-66.710066,17.909519,1031,FALSE,"1","1.1",1
-66.71149,17.91065,1032,FALSE,"1","1.1",1
-66.712492,17.911437,1033,FALSE,"1","1.1",1
-66.713398,17.912852,1034,FALSE,"1","1.1",1
-66.715244,17.912682,1035,FALSE,"1","1.1",1
-66.716579,17.91256,1036,FALSE,"1","1.1",1
-66.719066,17.912271,1037,FALSE,"1","1.1",1
-66.721881,17.912068,1038,FALSE,"1","1.1",1
-66.723777,17.912097,1039,FALSE,"1","1.1",1
-66.72613,17.912571,1040,FALSE,"1","1.1",1
-66.727857,17.912986,1041,FALSE,"1","1.1",1
-66.728652,17.913178,1042,FALSE,"1","1.1",1
-66.731127,17.913942,1043,FALSE,"1","1.1",1
-66.733312,17.914658,1044,FALSE,"1","1.1",1
-66.736194,17.915717,1045,FALSE,"1","1.1",1
-66.7363,17.91576,1046,FALSE,"1","1.1",1
-66.737964,17.916441,1047,FALSE,"1","1.1",1
-66.738543,17.916797,1048,FALSE,"1","1.1",1
-66.739957,17.916159,1049,FALSE,"1","1.1",1
-66.740745,17.91605,1050,FALSE,"1","1.1",1
-66.741533,17.915771,1051,FALSE,"1","1.1",1
-66.743089,17.915693,1052,FALSE,"1","1.1",1
-66.7448,17.915418,1053,FALSE,"1","1.1",1
-66.746329,17.915435,1054,FALSE,"1","1.1",1
-66.748541,17.915577,1055,FALSE,"1","1.1",1
-66.749618,17.915628,1056,FALSE,"1","1.1",1
-66.75203,17.916166,1057,FALSE,"1","1.1",1
-66.754547,17.916647,1058,FALSE,"1","1.1",1
-66.757041,17.917076,1059,FALSE,"1","1.1",1
-66.759573,17.917597,1060,FALSE,"1","1.1",1
-66.761895,17.917881,1061,FALSE,"1","1.1",1
-66.763039,17.917075,1062,FALSE,"1","1.1",1
-66.764852,17.916337,1063,FALSE,"1","1.1",1
-66.767315,17.915437,1064,FALSE,"1","1.1",1
-66.770129,17.915042,1065,FALSE,"1","1.1",1
-66.773004,17.914842,1066,FALSE,"1","1.1",1
-66.774123,17.914796,1067,FALSE,"1","1.1",1
-66.775627,17.914735,1068,FALSE,"1","1.1",1
-66.779106,17.914819,1069,FALSE,"1","1.1",1
-66.782471,17.915047,1070,FALSE,"1","1.1",1
-66.786075,17.915688,1071,FALSE,"1","1.1",1
-66.788154,17.916064,1072,FALSE,"1","1.1",1
-66.78913,17.915639,1073,FALSE,"1","1.1",1
-66.791117,17.914519,1074,FALSE,"1","1.1",1
-66.794095,17.912469,1075,FALSE,"1","1.1",1
-66.797235,17.910617,1076,FALSE,"1","1.1",1
-66.799747,17.909096,1077,FALSE,"1","1.1",1
-66.802432,17.907705,1078,FALSE,"1","1.1",1
-66.805015,17.906479,1079,FALSE,"1","1.1",1
-66.807582,17.905455,1080,FALSE,"1","1.1",1
-66.810295,17.904353,1081,FALSE,"1","1.1",1
-66.812884,17.903686,1082,FALSE,"1","1.1",1
-66.816017,17.903723,1083,FALSE,"1","1.1",1
-66.817958,17.903629,1084,FALSE,"1","1.1",1
-66.819373,17.902723,1085,FALSE,"1","1.1",1
-66.821237,17.901774,1086,FALSE,"1","1.1",1
-66.82531,17.900449,1087,FALSE,"1","1.1",1
-66.829032,17.899792,1088,FALSE,"1","1.1",1
-66.832353,17.899427,1089,FALSE,"1","1.1",1
-66.835994,17.899196,1090,FALSE,"1","1.1",1
-66.839157,17.899009,1091,FALSE,"1","1.1",1
-66.839929,17.898993,1092,FALSE,"1","1.1",1
-66.841296,17.898965,1093,FALSE,"1","1.1",1
-66.843266,17.898951,1094,FALSE,"1","1.1",1
-66.84447,17.898353,1095,FALSE,"1","1.1",1
-66.847016,17.897059,1096,FALSE,"1","1.1",1
-66.851102,17.895706,1097,FALSE,"1","1.1",1
-66.853898,17.894879,1098,FALSE,"1","1.1",1
-66.8572,17.894014,1099,FALSE,"1","1.1",1
-66.861485,17.893068,1100,FALSE,"1","1.1",1
-66.865472,17.892338,1101,FALSE,"1","1.1",1
-66.869192,17.891842,1102,FALSE,"1","1.1",1
-66.871998,17.891412,1103,FALSE,"1","1.1",1
-66.874618,17.891419,1104,FALSE,"1","1.1",1
-66.875938,17.891158,1105,FALSE,"1","1.1",1
-66.877989,17.891063,1106,FALSE,"1","1.1",1
-66.881454,17.891299,1107,FALSE,"1","1.1",1
-66.884962,17.891818,1108,FALSE,"1","1.1",1
-66.888245,17.892574,1109,FALSE,"1","1.1",1
-66.890561,17.893705,1110,FALSE,"1","1.1",1
-66.89179,17.891583,1111,FALSE,"1","1.1",1
-66.893818,17.888886,1112,FALSE,"1","1.1",1
-66.897502,17.885205,1113,FALSE,"1","1.1",1
-66.902732,17.881915,1114,FALSE,"1","1.1",1
-66.905975,17.88013,1115,FALSE,"1","1.1",1
-66.907816,17.879118,1116,FALSE,"1","1.1",1
-66.912896,17.876988,1117,FALSE,"1","1.1",1
-66.917795,17.875479,1118,FALSE,"1","1.1",1
-66.920997,17.875176,1119,FALSE,"1","1.1",1
-66.924335,17.875358,1120,FALSE,"1","1.1",1
-66.92764,17.875945,1121,FALSE,"1","1.1",1
-66.931022,17.876565,1122,FALSE,"1","1.1",1
-66.93387,17.8772,1123,FALSE,"1","1.1",1
-66.936458,17.877979,1124,FALSE,"1","1.1",1
-66.938328,17.87847,1125,FALSE,"1","1.1",1
-66.938925,17.878171,1126,FALSE,"1","1.1",1
-66.941972,17.877444,1127,FALSE,"1","1.1",1
-66.946017,17.876982,1128,FALSE,"1","1.1",1
-66.950006,17.876615,1129,FALSE,"1","1.1",1
-66.954018,17.876504,1130,FALSE,"1","1.1",1
-66.958107,17.876851,1131,FALSE,"1","1.1",1
-66.962332,17.877258,1132,FALSE,"1","1.1",1
-66.966474,17.878083,1133,FALSE,"1","1.1",1
-66.967825,17.878799,1134,FALSE,"1","1.1",1
-66.971492,17.878466,1135,FALSE,"1","1.1",1
-66.974998,17.878579,1136,FALSE,"1","1.1",1
-66.976924,17.878733,1137,FALSE,"1","1.1",1
-66.980912,17.879801,1138,FALSE,"1","1.1",1
-66.985603,17.881149,1139,FALSE,"1","1.1",1
-66.98957,17.882143,1140,FALSE,"1","1.1",1
-66.994093,17.883384,1141,FALSE,"1","1.1",1
-66.996821,17.884073,1142,FALSE,"1","1.1",1
-66.998158,17.884309,1143,FALSE,"1","1.1",1
-66.999619,17.8839,1144,FALSE,"1","1.1",1
-67.00059,17.883762,1145,FALSE,"1","1.1",1
-67.001892,17.884151,1146,FALSE,"1","1.1",1
-67.003885,17.884868,1147,FALSE,"1","1.1",1
-67.006021,17.885795,1148,FALSE,"1","1.1",1
-67.009066,17.884855,1149,FALSE,"1","1.1",1
-67.01266,17.884427,1150,FALSE,"1","1.1",1
-67.017058,17.884213,1151,FALSE,"1","1.1",1
-67.019908,17.884354,1152,FALSE,"1","1.1",1
-67.02354,17.884925,1153,FALSE,"1","1.1",1
-67.029849,17.886266,1154,FALSE,"1","1.1",1
-67.031188,17.887147,1155,FALSE,"1","1.1",1
-67.036057,17.886716,1156,FALSE,"1","1.1",1
-67.040004,17.88684,1157,FALSE,"1","1.1",1
-67.044002,17.88716,1158,FALSE,"1","1.1",1
-67.047269,17.88782,1159,FALSE,"1","1.1",1
-67.051128,17.888788,1160,FALSE,"1","1.1",1
-67.054495,17.889947,1161,FALSE,"1","1.1",1
-67.056109,17.890902,1162,FALSE,"1","1.1",1
-67.057813,17.89187,1163,FALSE,"1","1.1",1
-67.058054,17.891977,1164,FALSE,"1","1.1",1
-67.063578,17.891908,1165,FALSE,"1","1.1",1
-67.068216,17.892191,1166,FALSE,"1","1.1",1
-67.07377,17.892532,1167,FALSE,"1","1.1",1
-67.078135,17.892905,1168,FALSE,"1","1.1",1
-67.082795,17.893587,1169,FALSE,"1","1.1",1
-67.086388,17.89486,1170,FALSE,"1","1.1",1
-67.086704,17.89494,1171,FALSE,"1","1.1",1
-67.087723,17.894646,1172,FALSE,"1","1.1",1
-67.090981,17.894198,1173,FALSE,"1","1.1",1
-67.093852,17.89402,1174,FALSE,"1","1.1",1
-67.095421,17.893982,1175,FALSE,"1","1.1",1
-67.09735,17.894185,1176,FALSE,"1","1.1",1
-67.101842,17.894955,1177,FALSE,"1","1.1",1
-67.103814,17.895442,1178,FALSE,"1","1.1",1
-67.104709,17.895689,1179,FALSE,"1","1.1",1
-67.106706,17.895406,1180,FALSE,"1","1.1",1
-67.108635,17.895407,1181,FALSE,"1","1.1",1
-67.109747,17.895579,1182,FALSE,"1","1.1",1
-67.11207,17.89562,1183,FALSE,"1","1.1",1
-67.115258,17.895724,1184,FALSE,"1","1.1",1
-67.117793,17.895987,1185,FALSE,"1","1.1",1
-67.121059,17.896179,1186,FALSE,"1","1.1",1
-67.123524,17.896698,1187,FALSE,"1","1.1",1
-67.124623,17.896763,1188,FALSE,"1","1.1",1
-67.129907,17.897151,1189,FALSE,"1","1.1",1
-67.135962,17.898274,1190,FALSE,"1","1.1",1
-67.139038,17.899152,1191,FALSE,"1","1.1",1
-67.141638,17.900051,1192,FALSE,"1","1.1",1
-67.14279,17.90057,1193,FALSE,"1","1.1",1
-67.145635,17.89746,1194,FALSE,"1","1.1",1
-67.148544,17.894924,1195,FALSE,"1","1.1",1
-67.156166,17.889716,1196,FALSE,"1","1.1",1
-67.159074,17.888037,1197,FALSE,"1","1.1",1
-67.162833,17.886101,1198,FALSE,"1","1.1",1
-67.166921,17.884556,1199,FALSE,"1","1.1",1
-67.170384,17.883625,1200,FALSE,"1","1.1",1
-67.173228,17.883046,1201,FALSE,"1","1.1",1
-67.176347,17.88252,1202,FALSE,"1","1.1",1
-67.179648,17.882041,1203,FALSE,"1","1.1",1
-67.181945,17.881785,1204,FALSE,"1","1.1",1
-67.184509,17.881596,1205,FALSE,"1","1.1",1
-67.18604,17.881468,1206,FALSE,"1","1.1",1
-67.189103,17.881441,1207,FALSE,"1","1.1",1
-67.194504,17.881745,1208,FALSE,"1","1.1",1
-67.19499,17.881829,1209,FALSE,"1","1.1",1
-67.196429,17.882076,1210,FALSE,"1","1.1",1
-67.201416,17.882899,1211,FALSE,"1","1.1",1
-67.206031,17.884026,1212,FALSE,"1","1.1",1
-67.208399,17.884809,1213,FALSE,"1","1.1",1
-67.210597,17.885416,1214,FALSE,"1","1.1",1
-67.213077,17.886476,1215,FALSE,"1","1.1",1
-67.21496,17.887225,1216,FALSE,"1","1.1",1
-67.217053,17.888298,1217,FALSE,"1","1.1",1
-67.218516,17.889094,1218,FALSE,"1","1.1",1
-67.219717,17.889904,1219,FALSE,"1","1.1",1
-67.221333,17.890936,1220,FALSE,"1","1.1",1
-67.224249,17.8929,1221,FALSE,"1","1.1",1
-67.226139,17.894094,1222,FALSE,"1","1.1",1
-67.2276,17.894998,1223,FALSE,"1","1.1",1
-67.22909,17.896003,1224,FALSE,"1","1.1",1
-67.230326,17.896887,1225,FALSE,"1","1.1",1
-67.2315,17.897778,1226,FALSE,"1","1.1",1
-67.232455,17.898608,1227,FALSE,"1","1.1",1
-67.233481,17.899512,1228,FALSE,"1","1.1",1
-67.234887,17.901022,1229,FALSE,"1","1.1",1
-67.235435,17.90165,1230,FALSE,"1","1.1",1
-67.236102,17.902466,1231,FALSE,"1","1.1",1
-67.236651,17.903263,1232,FALSE,"1","1.1",1
-67.237543,17.904761,1233,FALSE,"1","1.1",1
-67.238253,17.906023,1234,FALSE,"1","1.1",1
-67.238984,17.907163,1235,FALSE,"1","1.1",1
-67.239891,17.908411,1236,FALSE,"1","1.1",1
-67.240573,17.90966,1237,FALSE,"1","1.1",1
-67.241037,17.910375,1238,FALSE,"1","1.1",1
-67.241276,17.910523,1239,FALSE,"1","1.1",1
-67.241328,17.910544,1240,FALSE,"1","1.1",1
-67.242871,17.910528,1241,FALSE,"1","1.1",1
-67.245369,17.911503,1242,FALSE,"1","1.1",1
-67.247675,17.912673,1243,FALSE,"1","1.1",1
-67.249624,17.914038,1244,FALSE,"1","1.1",1
-67.249624,17.914077,1245,FALSE,"1","1.1",1
-67.249624,17.914119,1246,FALSE,"1","1.1",1
-67.251901,17.916958,1247,FALSE,"1","1.1",1
-67.252708,17.918039,1248,FALSE,"1","1.1",1
-67.256119,17.921892,1249,FALSE,"1","1.1",1
-67.258647,17.925235,1250,FALSE,"1","1.1",1
-67.26068,17.92854,1251,FALSE,"1","1.1",1
-67.262286,17.93221,1252,FALSE,"1","1.1",1
-67.264134,17.936788,1253,FALSE,"1","1.1",1
-67.265136,17.940922,1254,FALSE,"1","1.1",1
-67.266001,17.944183,1255,FALSE,"1","1.1",1
-67.266639,17.949823,1256,FALSE,"1","1.1",1
-67.2665,17.955088,1257,FALSE,"1","1.1",1
-67.265899,17.960483,1258,FALSE,"1","1.1",1
-67.266014,17.964879,1259,FALSE,"1","1.1",1
-67.266168,17.968469,1260,FALSE,"1","1.1",1
-67.266433,17.971523,1261,FALSE,"1","1.1",1
-67.267047,17.975251,1262,FALSE,"1","1.1",1
-67.267446,17.979381,1263,FALSE,"1","1.1",1
-67.267494,17.983071,1264,FALSE,"1","1.1",1
-67.266565,17.990341,1265,FALSE,"1","1.1",1
-67.265724,17.994559,1266,FALSE,"1","1.1",1
-67.265287,17.9964,1267,FALSE,"1","1.1",1
-67.264888,17.998018,1268,FALSE,"1","1.1",1
-67.262761,18.00574,1269,FALSE,"1","1.1",1
-67.259915,18.01313,1270,FALSE,"1","1.1",1
-67.260693,18.019531,1271,FALSE,"1","1.1",1
-67.261417,18.025492,1272,FALSE,"1","1.1",1
-67.261326,18.038701,1273,FALSE,"1","1.1",1
-67.259343,18.049237,1274,FALSE,"1","1.1",1
-67.255365,18.057672,1275,FALSE,"1","1.1",1
-67.258191,18.064912,1276,FALSE,"1","1.1",1
-67.258876,18.066672,1277,FALSE,"1","1.1",1
-67.260604,18.075213,1278,FALSE,"1","1.1",1
-67.260171,18.084804,1279,FALSE,"1","1.1",1
-67.257398,18.095747,1280,FALSE,"1","1.1",1
-67.253375,18.104651,1281,FALSE,"1","1.1",1
-67.249625,18.110196,1282,FALSE,"1","1.1",1
-67.249625,18.110112,1283,FALSE,"1","1.1",1
-67.246313,18.113262,1284,FALSE,"1","1.1",1
-67.242765,18.115213,1285,FALSE,"1","1.1",1
-67.238557,18.11635,1286,FALSE,"1","1.1",1
-67.238443,18.116484,1287,FALSE,"1","1.1",1
-67.237332,18.11751,1288,FALSE,"1","1.1",1
-67.236326,18.118666,1289,FALSE,"1","1.1",1
-67.235747,18.119566,1290,FALSE,"1","1.1",1
-67.235374,18.120145,1291,FALSE,"1","1.1",1
-67.235178,18.121304,1292,FALSE,"1","1.1",1
-67.235111,18.123013,1293,FALSE,"1","1.1",1
-67.235146,18.124302,1294,FALSE,"1","1.1",1
-67.235439,18.127492,1295,FALSE,"1","1.1",1
-67.235639,18.128112,1296,FALSE,"1","1.1",1
-67.237359,18.13149,1297,FALSE,"1","1.1",1
-67.238265,18.134792,1298,FALSE,"1","1.1",1
-67.238914,18.13858,1299,FALSE,"1","1.1",1
-67.239016,18.141872,1300,FALSE,"1","1.1",1
-67.238594,18.14491,1301,FALSE,"1","1.1",1
-67.238105,18.147321,1302,FALSE,"1","1.1",1
-67.237137,18.149875,1303,FALSE,"1","1.1",1
-67.236446,18.151381,1304,FALSE,"1","1.1",1
-67.236204,18.152219,1305,FALSE,"1","1.1",1
-67.235826,18.156889,1306,FALSE,"1","1.1",1
-67.236261,18.157859,1307,FALSE,"1","1.1",1
-67.236744,18.159631,1308,FALSE,"1","1.1",1
-67.237041,18.162443,1309,FALSE,"1","1.1",1
-67.237209,18.164918,1310,FALSE,"1","1.1",1
-67.237252,18.16765,1311,FALSE,"1","1.1",1
-67.236742,18.170027,1312,FALSE,"1","1.1",1
-67.236409,18.17253,1313,FALSE,"1","1.1",1
-67.236096,18.173544,1314,FALSE,"1","1.1",1
-67.235896,18.175703,1315,FALSE,"1","1.1",1
-67.235175,18.178284,1316,FALSE,"1","1.1",1
-67.234073,18.18096,1317,FALSE,"1","1.1",1
-67.232729,18.184643,1318,FALSE,"1","1.1",1
-67.231361,18.187644,1319,FALSE,"1","1.1",1
-67.230033,18.190288,1320,FALSE,"1","1.1",1
-67.225664,18.196153,1321,FALSE,"1","1.1",1
-67.222432,18.201107,1322,FALSE,"1","1.1",1
-67.220788,18.202645,1323,FALSE,"1","1.1",1
-67.219863,18.204194,1324,FALSE,"1","1.1",1
-67.2184,18.20675,1325,FALSE,"1","1.1",1
-67.216583,18.209106,1326,FALSE,"1","1.1",1
-67.215044,18.210637,1327,FALSE,"1","1.1",1
-67.214236,18.211349,1328,FALSE,"1","1.1",1
-67.215185,18.211911,1329,FALSE,"1","1.1",1
-67.216052,18.213,1330,FALSE,"1","1.1",1
-67.217128,18.21475,1331,FALSE,"1","1.1",1
-67.219072,18.217825,1332,FALSE,"1","1.1",1
-67.221237,18.221215,1333,FALSE,"1","1.1",1
-67.223333,18.224997,1334,FALSE,"1","1.1",1
-67.225061,18.228646,1335,FALSE,"1","1.1",1
-67.226293,18.231886,1336,FALSE,"1","1.1",1
-67.22697,18.234534,1337,FALSE,"1","1.1",1
-67.227168,18.236016,1338,FALSE,"1","1.1",1
-67.227293,18.236955,1339,FALSE,"1","1.1",1
-67.227992,18.239595,1340,FALSE,"1","1.1",1
-67.22888,18.241852,1341,FALSE,"1","1.1",1
-67.230182,18.245104,1342,FALSE,"1","1.1",1
-67.230465,18.24656,1343,FALSE,"1","1.1",1
-67.232148,18.24683,1344,FALSE,"1","1.1",1
-67.237174,18.247523,1345,FALSE,"1","1.1",1
-67.238714,18.248007,1346,FALSE,"1","1.1",1
-67.240602,18.248462,1347,FALSE,"1","1.1",1
-67.241948,18.248773,1348,FALSE,"1","1.1",1
-67.243259,18.249036,1349,FALSE,"1","1.1",1
-67.245311,18.249377,1350,FALSE,"1","1.1",1
-67.247453,18.249894,1351,FALSE,"1","1.1",1
-67.248347,18.250249,1352,FALSE,"1","1.1",1
-67.248713,18.250352,1353,FALSE,"1","1.1",1
-67.249375,18.250659,1354,FALSE,"1","1.1",1
-67.249472,18.250644,1355,FALSE,"1","1.1",1
-67.249625,18.250685,1356,FALSE,"1","1.1",1
-67.253495,18.252302,1357,FALSE,"1","1.1",1
-67.2542,18.252638,1358,FALSE,"1","1.1",1
-67.261333,18.25604,1359,FALSE,"1","1.1",1
-67.269731,18.261391,1360,FALSE,"1","1.1",1
-67.275933,18.267746,1361,FALSE,"1","1.1",1
-67.281847,18.275779,1362,FALSE,"1","1.1",1
-67.285964,18.282165,1363,FALSE,"1","1.1",1
-67.290183,18.28949,1364,FALSE,"1","1.1",1
-67.291167,18.291372,1365,FALSE,"1","1.1",1
-67.293803,18.296412,1366,FALSE,"1","1.1",1
-67.298862,18.30693,1367,FALSE,"1","1.1",1
-67.299386,18.309011,1368,FALSE,"1","1.1",1
-67.300514,18.310054,1369,FALSE,"1","1.1",1
-67.303093,18.313453,1370,FALSE,"1","1.1",1
-67.306608,18.318087,1371,FALSE,"1","1.1",1
-67.311346,18.326655,1372,FALSE,"1","1.1",1
-67.311849,18.327563,1373,FALSE,"1","1.1",1
-67.316042,18.334216,1374,FALSE,"1","1.1",1
-67.319911,18.343187,1375,FALSE,"1","1.1",1
-67.322048,18.351415,1376,FALSE,"1","1.1",1
-67.323412,18.357696,1377,FALSE,"1","1.1",1
-67.323254,18.363875,1378,FALSE,"1","1.1",1
-67.322266,18.368636,1379,FALSE,"1","1.1",1
-67.321362,18.372999,1380,FALSE,"1","1.1",1
-67.318694,18.381034,1381,FALSE,"1","1.1",1
-67.31415,18.388806,1382,FALSE,"1","1.1",1
-67.307481,18.39729,1383,FALSE,"1","1.1",1
-67.302717,18.401559,1384,FALSE,"1","1.1",1
-67.297048,18.404491,1385,FALSE,"1","1.1",1
-67.290105,18.407734,1386,FALSE,"1","1.1",1
-67.284765,18.409899,1387,FALSE,"1","1.1",1
-67.280492,18.412063,1388,FALSE,"1","1.1",1
-67.252142,18.418042,1389,FALSE,"1","1.1",1
-67.249626,18.418572,1390,FALSE,"1","1.1",1
-67.249625,18.418624,1391,FALSE,"1","1.1",1
-67.249384,18.418924,1392,FALSE,"1","1.1",1
-67.249151,18.419213,1393,FALSE,"1","1.1",1
-67.248688,18.419455,1394,FALSE,"1","1.1",1
-67.248066,18.419909,1395,FALSE,"1","1.1",1
-67.247582,18.42009,1396,FALSE,"1","1.1",1
-67.247273,18.420216,1397,FALSE,"1","1.1",1
-67.246466,18.420604,1398,FALSE,"1","1.1",1
-67.245526,18.421022,1399,FALSE,"1","1.1",1
-67.244514,18.421345,1400,FALSE,"1","1.1",1
-67.244003,18.421683,1401,FALSE,"1","1.1",1
-67.242974,18.422371,1402,FALSE,"1","1.1",1
-67.241722,18.42319,1403,FALSE,"1","1.1",1
-67.240314,18.423978,1404,FALSE,"1","1.1",1
-67.2379,18.425575,1405,FALSE,"1","1.1",1
-67.236655,18.426394,1406,FALSE,"1","1.1",1
-67.23533,18.42714,1407,FALSE,"1","1.1",1
-67.234047,18.427737,1408,FALSE,"1","1.1",1
-67.233155,18.428094,1409,FALSE,"1","1.1",1
-67.232214,18.42847,1410,FALSE,"1","1.1",1
-67.230535,18.429126,1411,FALSE,"1","1.1",1
-67.229118,18.429819,1412,FALSE,"1","1.1",1
-67.227819,18.430551,1413,FALSE,"1","1.1",1
-67.226288,18.431415,1414,FALSE,"1","1.1",1
-67.224704,18.432292,1415,FALSE,"1","1.1",1
-67.222544,18.433387,1416,FALSE,"1","1.1",1
-67.220583,18.434559,1417,FALSE,"1","1.1",1
-67.219226,18.435474,1418,FALSE,"1","1.1",1
-67.218246,18.436087,1419,FALSE,"1","1.1",1
-67.217229,18.43656,1420,FALSE,"1","1.1",1
-67.216254,18.437078,1421,FALSE,"1","1.1",1
-67.215003,18.437985,1422,FALSE,"1","1.1",1
-67.213877,18.438769,1423,FALSE,"1","1.1",1
-67.211974,18.440042,1424,FALSE,"1","1.1",1
-67.210244,18.441076,1425,FALSE,"1","1.1",1
-67.208359,18.442133,1426,FALSE,"1","1.1",1
-67.207937,18.44228,1427,FALSE,"1","1.1",1
-67.99668,18.135072,1428,FALSE,"2","1.2",1
-67.997916,18.144011,1429,FALSE,"2","1.2",1
-67.998751,18.159029,1430,FALSE,"2","1.2",1
-67.998691,18.17076,1431,FALSE,"2","1.2",1
-67.998691,18.170776,1432,FALSE,"2","1.2",1
-67.997242,18.179897,1433,FALSE,"2","1.2",1
-67.994507,18.185041,1434,FALSE,"2","1.2",1
-67.988597,18.191447,1435,FALSE,"2","1.2",1
-67.982543,18.197484,1436,FALSE,"2","1.2",1
-67.973663,18.2036,1437,FALSE,"2","1.2",1
-67.964246,18.207862,1438,FALSE,"2","1.2",1
-67.955917,18.210228,1439,FALSE,"2","1.2",1
-67.944787,18.210041,1440,FALSE,"2","1.2",1
-67.936941,18.209366,1441,FALSE,"2","1.2",1
-67.927214,18.206268,1442,FALSE,"2","1.2",1
-67.91617,18.200104,1443,FALSE,"2","1.2",1
-67.908763,18.193114,1444,FALSE,"2","1.2",1
-67.901491,18.184064,1445,FALSE,"2","1.2",1
-67.897613,18.175945,1446,FALSE,"2","1.2",1
-67.894933,18.166674,1447,FALSE,"2","1.2",1
-67.892673,18.166785,1448,FALSE,"2","1.2",1
-67.885564,18.163843,1449,FALSE,"2","1.2",1
-67.883943,18.164997,1450,FALSE,"2","1.2",1
-67.879958,18.166971,1451,FALSE,"2","1.2",1
-67.87463,18.168782,1452,FALSE,"2","1.2",1
-67.868316,18.169963,1453,FALSE,"2","1.2",1
-67.860821,18.170833,1454,FALSE,"2","1.2",1
-67.852443,18.170111,1455,FALSE,"2","1.2",1
-67.843322,18.167525,1456,FALSE,"2","1.2",1
-67.834413,18.163653,1457,FALSE,"2","1.2",1
-67.825752,18.157784,1458,FALSE,"2","1.2",1
-67.819071,18.151208,1459,FALSE,"2","1.2",1
-67.81126,18.143885,1460,FALSE,"2","1.2",1
-67.80974,18.142097,1461,FALSE,"2","1.2",1
-67.805322,18.136902,1462,FALSE,"2","1.2",1
-67.799456,18.128059,1463,FALSE,"2","1.2",1
-67.797831,18.12301,1464,FALSE,"2","1.2",1
-67.794591,18.115874,1465,FALSE,"2","1.2",1
-67.791986,18.107458,1466,FALSE,"2","1.2",1
-67.790405,18.098468,1467,FALSE,"2","1.2",1
-67.78981,18.090356,1468,FALSE,"2","1.2",1
-67.790449,18.082108,1469,FALSE,"2","1.2",1
-67.791511,18.074672,1470,FALSE,"2","1.2",1
-67.793559,18.0671,1471,FALSE,"2","1.2",1
-67.797335,18.058649,1472,FALSE,"2","1.2",1
-67.802837,18.050739,1473,FALSE,"2","1.2",1
-67.809537,18.042828,1474,FALSE,"2","1.2",1
-67.81398,18.037399,1475,FALSE,"2","1.2",1
-67.815319,18.035762,1476,FALSE,"2","1.2",1
-67.822441,18.026431,1477,FALSE,"2","1.2",1
-67.830055,18.0196,1478,FALSE,"2","1.2",1
-67.838479,18.013851,1479,FALSE,"2","1.2",1
-67.850319,18.008538,1480,FALSE,"2","1.2",1
-67.862582,18.003225,1481,FALSE,"2","1.2",1
-67.871392,18.000313,1482,FALSE,"2","1.2",1
-67.87463,17.99977,1483,FALSE,"2","1.2",1
-67.87463,18.000826,1484,FALSE,"2","1.2",1
-67.875009,18.000721,1485,FALSE,"2","1.2",1
-67.879572,17.999457,1486,FALSE,"2","1.2",1
-67.886395,17.999432,1487,FALSE,"2","1.2",1
-67.891781,18.000594,1488,FALSE,"2","1.2",1
-67.900887,17.99948,1489,FALSE,"2","1.2",1
-67.905745,18.000744,1490,FALSE,"2","1.2",1
-67.914687,18.002905,1491,FALSE,"2","1.2",1
-67.922929,18.00608,1492,FALSE,"2","1.2",1
-67.927265,18.008697,1493,FALSE,"2","1.2",1
-67.929419,18.011288,1494,FALSE,"2","1.2",1
-67.93544,18.012953,1495,FALSE,"2","1.2",1
-67.945834,18.017536,1496,FALSE,"2","1.2",1
-67.953557,18.022637,1497,FALSE,"2","1.2",1
-67.961283,18.028446,1498,FALSE,"2","1.2",1
-67.965132,18.032212,1499,FALSE,"2","1.2",1
-67.970704,18.035768,1500,FALSE,"2","1.2",1
-67.976136,18.039593,1501,FALSE,"2","1.2",1
-67.982844,18.045812,1502,FALSE,"2","1.2",1
-67.988005,18.052205,1503,FALSE,"2","1.2",1
-67.992116,18.059683,1504,FALSE,"2","1.2",1
-67.993422,18.062407,1505,FALSE,"2","1.2",1
-67.996175,18.072291,1506,FALSE,"2","1.2",1
-67.998296,18.083761,1507,FALSE,"2","1.2",1
-67.997825,18.089333,1508,FALSE,"2","1.2",1
-67.995911,18.094912,1509,FALSE,"2","1.2",1
-67.99308,18.100055,1510,FALSE,"2","1.2",1
-67.990316,18.104591,1511,FALSE,"2","1.2",1
-67.98692,18.109298,1512,FALSE,"2","1.2",1
-67.986931,18.112066,1513,FALSE,"2","1.2",1
-67.986594,18.116017,1514,FALSE,"2","1.2",1
-67.986148,18.119192,1515,FALSE,"2","1.2",1
-67.988337,18.120905,1516,FALSE,"2","1.2",1
-67.989894,18.123009,1517,FALSE,"2","1.2",1
-67.995139,18.129206,1518,FALSE,"2","1.2",1
-67.99668,18.135072,1519,FALSE,"2","1.2",1
-67.541581,18.373,1520,FALSE,"3","1.3",1
-67.542438,18.377651,1521,FALSE,"3","1.3",1
-67.543025,18.386123,1522,FALSE,"3","1.3",1
-67.541121,18.396447,1523,FALSE,"3","1.3",1
-67.537492,18.406337,1524,FALSE,"3","1.3",1
-67.531784,18.414483,1525,FALSE,"3","1.3",1
-67.523928,18.421758,1526,FALSE,"3","1.3",1
-67.515363,18.427555,1527,FALSE,"3","1.3",1
-67.506866,18.432477,1528,FALSE,"3","1.3",1
-67.499629,18.435312,1529,FALSE,"3","1.3",1
-67.491855,18.437305,1530,FALSE,"3","1.3",1
-67.481415,18.438615,1531,FALSE,"3","1.3",1
-67.473015,18.438135,1532,FALSE,"3","1.3",1
-67.462032,18.435741,1533,FALSE,"3","1.3",1
-67.451641,18.430585,1534,FALSE,"3","1.3",1
-67.442798,18.424245,1535,FALSE,"3","1.3",1
-67.434095,18.417164,1536,FALSE,"3","1.3",1
-67.42503,18.40685,1537,FALSE,"3","1.3",1
-67.4213,18.398509,1538,FALSE,"3","1.3",1
-67.418627,18.389963,1539,FALSE,"3","1.3",1
-67.417573,18.380134,1540,FALSE,"3","1.3",1
-67.418043,18.373,1541,FALSE,"3","1.3",1
-67.419917,18.366679,1542,FALSE,"3","1.3",1
-67.421973,18.361752,1543,FALSE,"3","1.3",1
-67.425624,18.354511,1544,FALSE,"3","1.3",1
-67.431571,18.34733,1545,FALSE,"3","1.3",1
-67.438436,18.341217,1546,FALSE,"3","1.3",1
-67.445228,18.336444,1547,FALSE,"3","1.3",1
-67.453999,18.331264,1548,FALSE,"3","1.3",1
-67.460328,18.328734,1549,FALSE,"3","1.3",1
-67.472136,18.326088,1550,FALSE,"3","1.3",1
-67.480901,18.325995,1551,FALSE,"3","1.3",1
-67.488607,18.326708,1552,FALSE,"3","1.3",1
-67.494261,18.327896,1553,FALSE,"3","1.3",1
-67.499629,18.330153,1554,FALSE,"3","1.3",1
-67.502295,18.331159,1555,FALSE,"3","1.3",1
-67.507219,18.333641,1556,FALSE,"3","1.3",1
-67.513514,18.337128,1557,FALSE,"3","1.3",1
-67.518333,18.340447,1558,FALSE,"3","1.3",1
-67.523503,18.34457,1559,FALSE,"3","1.3",1
-67.528321,18.349129,1560,FALSE,"3","1.3",1
-67.532155,18.353585,1561,FALSE,"3","1.3",1
-67.535988,18.358278,1562,FALSE,"3","1.3",1
-67.538485,18.364477,1563,FALSE,"3","1.3",1
-67.540525,18.368767,1564,FALSE,"3","1.3",1
-67.541581,18.373,1565,FALSE,"3","1.3",1
